complex,mutstr,num_muts,ddG,ddG_pred,datasets
1E50,"AA52D,AA53E",2,-0.3910408318042755,-0.6354880332946777,SKEMPI2
1E50,"DA52A,EA53A",2,0.3910408318042755,0.48280274868011475,SKEMPI2
4UYP,"ND16I,ID15S",2,0.2552182078361511,-0.27261772751808167,SKEMPI2
4UYP,"SD15I,ID16N",2,-0.2552182078361511,0.3270406126976013,SKEMPI2
4UYP,"ID51S,ID16N",2,1.9741711616516113,1.585616111755371,SKEMPI2
4UYP,"ND52I,SD15I",2,3.8372950553894043,-2.7120018005371094,SKEMPI2
4YFD,"QA207E,QA210E,EA209R",3,-0.17261195182800293,0.015032218769192696,SKEMPI2
4YFD,"EA207Q,RA209E,EA210Q",3,0.17261195182800293,0.08357222378253937,SKEMPI2
4JPK,"DA159N,DA33N",2,0.6192452907562256,-0.2518443763256073,SKEMPI2
1BJ1,"KH74T,IH72L",2,-0.07655175030231476,0.4957199692726135,SKEMPI2
1BJ1,"HH101Y,YH103R,SH105T",3,-1.1736482381820679,0.2044667899608612,SKEMPI2
1BJ1,"HH101Y,SH105T",2,-1.3440860509872437,-1.405192255973816,SKEMPI2
1BJ1,"HH101Y,YH103W,SH105T",3,-1.0414464473724365,-0.5819088220596313,SKEMPI2
1BJ1,"TH28D,NH31H",2,-0.693211019039154,-0.46242570877075195,SKEMPI2
1BJ1,"LH72V,TH74V",2,0.6709600687026978,1.6236096620559692,SKEMPI2
1BJ1,"LH72I,TH74K",2,0.07655175030231476,-0.4019578695297241,SKEMPI2
1JTG,"AB49D,AA209S,AA217R",3,-0.4080484211444855,-1.411115050315857,SKEMPI2
1JTG,"AA105S,AB49D",2,-0.35808926820755005,-1.0601832866668701,SKEMPI2
1JTG,"AA104M,AB50Y",2,-0.35808926820755005,-0.8960544466972351,SKEMPI2
1JTG,"AB71S,AB113S",2,-0.45606809854507446,-0.7683241963386536,SKEMPI2
1JTG,"KB157Q,KB140T",2,0.396605521440506,0.02280636690557003,SKEMPI2
1JTG,"GA212S,DB49A",2,2.6352171897888184,1.1308212280273438,SKEMPI2
1JTG,"GA212S,FB142A",2,3.681856870651245,0.9686515927314758,SKEMPI2
1JTG,"EA79K,DB49A",2,5.640436172485352,0.9063785076141357,SKEMPI2
1JTG,"EA79K,FB142A",2,4.554719924926758,0.03360680490732193,SKEMPI2
1JTG,"SA209A,DB49A",2,1.6411057710647583,0.4111979007720947,SKEMPI2
1JTG,"SA105A,DB49A",2,1.384631872177124,1.6477493047714233,SKEMPI2
1JTG,"SA209A,SA105A,DB49A",3,1.0941568613052368,1.0179139375686646,SKEMPI2
1JTG,"RA217A,DB49A",2,1.1116822957992554,2.1099610328674316,SKEMPI2
1JTG,"KA208A,DB49A",2,1.5540213584899902,2.7067580223083496,SKEMPI2
1JTG,"RA217A,SA209A,DB49A",3,0.4080484211444855,0.9607211351394653,SKEMPI2
1JTG,"RA217A,SA105A,DB49A",3,1.2549387216567993,1.1999082565307617,SKEMPI2
1JTG,"SA209A,KA208A,DB49A",3,1.5348256826400757,1.4278961420059204,SKEMPI2
1JTG,"KA208A,SA105A,DB49A",3,1.3181935548782349,2.2566003799438477,SKEMPI2
1JTG,"RA217A,KA208A,DB49A",3,1.904421329498291,2.3411948680877686,SKEMPI2
1JTG,"SA209A,SA105A",2,1.152734398841858,0.8855238556861877,SKEMPI2
1JTG,"RA217A,SA209A",2,0.7395939230918884,0.8128740787506104,SKEMPI2
1JTG,"RA217A,SA105A",2,1.8496946096420288,0.9504928588867188,SKEMPI2
1JTG,"SA209A,KA208A",2,2.0937232971191406,0.8362140655517578,SKEMPI2
1JTG,"KA208A,SA105A",2,1.9795986413955688,2.3396735191345215,SKEMPI2
1JTG,"RA217A,SA209A,SA105A",3,1.6881089210510254,1.2305569648742676,SKEMPI2
1JTG,"SA209A,SA105A,KA208A",3,1.8496946096420288,1.6527165174484253,SKEMPI2
1JTG,"RA217A,KA208A",2,2.730074644088745,1.6039220094680786,SKEMPI2
1JTG,"RA217A,SA209A,KA208A",3,2.7169570922851562,0.8071460723876953,SKEMPI2
1JTG,"KA208A,SA105A,RA217A",3,2.5094218254089355,1.9055900573730469,SKEMPI2
1JTG,"KB74A,FB142A",2,4.852370262145996,2.7900986671447754,SKEMPI2
1JTG,"KB74A,YB143A",2,3.0586442947387695,0.7539756298065186,SKEMPI2
1JTG,"FB142A,YB143A",2,2.843151092529297,0.42788591980934143,SKEMPI2
1JTG,"KB74A,FB142A,YB143A",3,3.8954012393951416,1.297204852104187,SKEMPI2
1JTG,"KB74A,EA79A",2,1.5768485069274902,1.5313427448272705,SKEMPI2
1JTG,"FB142A,EA79A",2,2.7478888034820557,0.8511707782745361,SKEMPI2
1JTG,"YB143A,EA79A",2,1.8645553588867188,0.034951530396938324,SKEMPI2
1JTG,"KB74A,FB142A,EA79A",3,3.130239963531494,1.3595730066299438,SKEMPI2
1JTG,"KB74A,YB143A,EA79A",3,1.0506681203842163,1.4610098600387573,SKEMPI2
1JTG,"FB142A,YB143A,EA79A",3,2.8912806510925293,0.26572880148887634,SKEMPI2
1JTG,"KB74A,YA80A",2,3.322336435317993,2.491271495819092,SKEMPI2
1JTG,"FB142A,YA80A",2,0.6943662762641907,1.8119479417800903,SKEMPI2
1JTG,"YB143A,YA80A",2,1.0754432678222656,0.4551345109939575,SKEMPI2
1JTG,"KB74A,FB142A,YA80A",3,4.779135227203369,2.8717570304870605,SKEMPI2
1JTG,"KB74A,YB143A,YA80A",3,3.3951475620269775,1.7036350965499878,SKEMPI2
1JTG,"FB142A,YB143A,YA80A",3,2.9869043827056885,0.8694702386856079,SKEMPI2
1JTG,"EA79A,YA80A",2,1.0270099639892578,0.6183484792709351,SKEMPI2
1JTG,"KB74A,EA79A,YA80A",3,1.3861162662506104,1.6950315237045288,SKEMPI2
1JTG,"FB142A,EA79A,YA80A",3,1.5050040483474731,0.8429644703865051,SKEMPI2
1JTG,"YB143A,EA79A,YA80A",3,2.054677724838257,0.07949329912662506,SKEMPI2
1JTG,"DB49A,RA217A",2,1.0992237329483032,0.9388779401779175,SKEMPI2
1JTG,"KB74A,RA217A",2,6.62026834487915,1.5013480186462402,SKEMPI2
1JTG,"FB142A,RA217A",2,3.3951475620269775,1.5144153833389282,SKEMPI2
1JTG,"YB143A,RA217A",2,2.269850254058838,0.6492795348167419,SKEMPI2
1JTG,"KB74A,FB142A,RA217A",3,5.496315956115723,2.3328733444213867,SKEMPI2
1JTG,"KB74A,YB143A,RA217A",3,4.373137474060059,1.3084789514541626,SKEMPI2
1JTG,"FB142A,YB143A,RA217A",3,4.542801380157471,1.5612680912017822,SKEMPI2
1JTG,"DB49A,KA208A",2,1.6006518602371216,2.334887981414795,SKEMPI2
1JTG,"KB74A,KA208A",2,6.548087120056152,2.590801239013672,SKEMPI2
1JTG,"FB142A,KA208A",2,3.3951475620269775,2.4811465740203857,SKEMPI2
1JTG,"YB143A,KA208A",2,2.5566611289978027,1.353918194770813,SKEMPI2
1JTG,"KB74A,FB142A,KA208A",3,5.830841064453125,2.9683852195739746,SKEMPI2
1JTG,"KB74A,YB143A,KA208A",3,4.876004219055176,1.8519562482833862,SKEMPI2
1JTG,"FB142A,YB143A,KA208A",3,4.68193244934082,1.1112163066864014,SKEMPI2
1JTG,"DB49A,SA105A",2,0.35808926820755005,1.3364676237106323,SKEMPI2
1JTG,"KB74A,SA105A",2,3.1786303520202637,2.4083008766174316,SKEMPI2
1JTG,"FB142A,SA105A",2,2.843151092529297,1.646718978881836,SKEMPI2
1JTG,"YB143A,SA105A",2,1.7919657230377197,-0.2762041687965393,SKEMPI2
1JTG,"KB74A,FB142A,SA105A",3,5.161859035491943,2.059748411178589,SKEMPI2
1JTG,"KB74A,YB143A,SA105A",3,3.7284178733825684,0.6825153827667236,SKEMPI2
1JTG,"FB142A,YB143A,SA105A",3,4.158278465270996,0.7038432359695435,SKEMPI2
1JTG,"QA74A,HB148A",2,3.2014195919036865,1.281007170677185,SKEMPI2
1JTG,"QA74A,WB150A",2,3.8236682415008545,2.2254302501678467,SKEMPI2
1JTG,"QA74A,RB160A",2,3.7509472370147705,1.0920863151550293,SKEMPI2
1JTG,"NA75A,HB148A",2,2.102992057800293,1.9711740016937256,SKEMPI2
1JTG,"NA75A,WB150A",2,4.349467754364014,2.5521771907806396,SKEMPI2
1JTG,"NA75A,RB160A",2,1.5768485069274902,1.1783744096755981,SKEMPI2
1JTG,"EA143A,WB162A",2,2.077467203140259,1.4557462930679321,SKEMPI2
1JTG,"VA78A,WB162A",2,4.229416370391846,1.9293686151504517,SKEMPI2
1JTG,"MA104A,YB53A",2,3.6092748641967773,4.64953088760376,SKEMPI2
1JTG,"MA104A,YB50A",2,0.35808926820755005,0.8367452025413513,SKEMPI2
1JTG,"MA104A,FB36A",2,3.631322145462036,2.2589359283447266,SKEMPI2
1JTG,"PA82A,HB41A",2,2.6529457569122314,1.8090544939041138,SKEMPI2
1JTG,"PA82A,YB50A",2,-0.6471605896949768,0.4335848093032837,SKEMPI2
1JTG,"PA82A,YB53A",2,2.3889827728271484,3.0278589725494385,SKEMPI2
1JTG,"VA190A,YB50A",2,-0.8855306506156921,-1.1840201616287231,SKEMPI2
1JTG,"EA85A,SB113A,SB71A",3,5.042290210723877,-0.07374413311481476,SKEMPI2
1JTG,"EA85A,SB113A",2,4.565590858459473,-0.044744618237018585,SKEMPI2
1JTG,"EA85A,SB71A",2,5.019353866577148,-0.29910093545913696,SKEMPI2
1JTG,"SB71A,SB113A",2,0.45606809854507446,0.5227910280227661,SKEMPI2
1JTG,"EA79A,SB113A",2,1.8645553588867188,0.6825653910636902,SKEMPI2
1JTG,"QA74A,WB112A",2,3.537736654281616,1.6816648244857788,SKEMPI2
1JTG,"QA74A,WB162A",2,2.8912806510925293,2.444225549697876,SKEMPI2
1JTG,"QA74A,KB74A",2,4.109651565551758,1.5018384456634521,SKEMPI2
1JTG,"QA74A,FB142A",2,2.819136619567871,1.2208970785140991,SKEMPI2
1JTG,"QA74A,DB49A",2,2.1983838081359863,2.002808094024658,SKEMPI2
1JTG,"NA75A,WB112A",2,2.795217752456665,1.8116658926010132,SKEMPI2
1JTG,"NA75A,WB162A",2,2.102992057800293,2.230600357055664,SKEMPI2
1JTG,"NA75A,KB74A",2,3.5118329524993896,2.2809009552001953,SKEMPI2
1JTG,"NA75A,FB142A",2,2.2936041355133057,1.5596524477005005,SKEMPI2
1JTG,"NA75A,DB49A",2,1.5768485069274902,1.6931167840957642,SKEMPI2
1JTG,"VA78A,RB160A",2,4.349467754364014,0.9076090455055237,SKEMPI2
1JTG,"VA78A,FB142A",2,4.516676902770996,1.5163699388504028,SKEMPI2
1JTG,"EA143A,WB112A",2,2.795217752456665,1.7246044874191284,SKEMPI2
1JTG,"EA143A,WB150A",2,4.109651565551758,2.3278422355651855,SKEMPI2
1JTG,"EA143A,RB160A",2,2.3189265727996826,1.1283831596374512,SKEMPI2
1JTG,"EA143A,KB74A",2,4.0619282722473145,1.8234306573867798,SKEMPI2
1JTG,"EA143A,FB142A",2,2.581045150756836,0.9940378665924072,SKEMPI2
1JTG,"EA143A,DB49A",2,1.5050040483474731,2.063659191131592,SKEMPI2
1JTG,"EA85A,YB50A",2,3.9671037197113037,-1.2882949113845825,SKEMPI2
1JTG,"MA104A,SB113A,SB71A",3,1.6727427244186401,2.4810569286346436,SKEMPI2
1JTG,"VA190A,FB142A",2,2.1983838081359863,2.1698479652404785,SKEMPI2
1JTG,"EA79A,SB113A,SB71A",3,2.581045150756836,0.8689922094345093,SKEMPI2
1JTG,"TB140K,QB157K",2,-0.396605521440506,-0.4146256148815155,SKEMPI2
1JTG,"VB165K,DB163K,NB89K",3,-2.393420934677124,-0.28049081563949585,SKEMPI2
1JTG,"DB163K,DB135K,VB134K",3,-3.0551669597625732,-0.08959563821554184,SKEMPI2
1JTG,"EA85G,EA143G",2,-0.6100000739097595,-0.5166265964508057,SKEMPI2
1JTG,"EA85V,EA143G",2,-0.7422019243240356,-0.2879793345928192,SKEMPI2
1JTG,"EB73M,KB74A",2,4.294496059417725,0.510452389717102,SKEMPI2
1JTG,"EB73M,FB142A",2,2.5326898097991943,0.34795570373535156,SKEMPI2
1JTG,"EB73M,KB74A,FB142A",3,4.556260585784912,1.0459744930267334,SKEMPI2
1JTG,"EA79A,EB73M",2,1.8363221883773804,-0.9432743191719055,SKEMPI2
1JTG,"EA79A,EB73M,KB74A",3,2.0956978797912598,0.053756408393383026,SKEMPI2
1JTG,"EA79A,EB73M,FB142A",3,2.8455445766448975,0.12679971754550934,SKEMPI2
1JTG,"EB73A,YB50A",2,-1.496372938156128,-1.0184884071350098,SKEMPI2
4GXU,"DA189E,DA224G",2,3.0115554332733154,0.6536612510681152,SKEMPI2
1DVF,"EB98A,YD102A",2,4.635371685028076,2.1375300884246826,SKEMPI2
1DVF,"DB54A,YC49A",2,4.4948835372924805,3.885068416595459,SKEMPI2
1DVF,"DB58A,QD104A",2,1.4648281335830688,0.9304470419883728,SKEMPI2
1DVF,"YA49A,ND55A",2,2.031278610229492,1.6389793157577515,SKEMPI2
1DVF,"YA32A,RD106A",2,4.652670860290527,1.5107622146606445,SKEMPI2
1DVF,"NB56A,QD104A",2,1.48753023147583,0.9985593557357788,SKEMPI2
1DVF,"WB52A,QD104A",2,4.164727210998535,2.96895432472229,SKEMPI2
1DVF,"DB100A,HD33A",2,4.14997673034668,1.948986530303955,SKEMPI2
1DVF,"DB100A,DD52A",2,4.321657657623291,0.5676196217536926,SKEMPI2
1DVF,"YA49A,HD33A",2,2.626220464706421,1.7612556219100952,SKEMPI2
1DVF,"DB100A,ND55A",2,4.092513084411621,0.3502888083457947,SKEMPI2
1DVF,"NB56A,ND55A",2,2.3021233081817627,1.317570686340332,SKEMPI2
1DVF,"NB56A,HD33A",2,2.527130603790283,1.9498872756958008,SKEMPI2
1AHW,"TC110A,KC111A",2,0.6391429305076599,0.13111209869384766,SKEMPI2
1AHW,"KC138A,DC139A",2,1.1820012331008911,0.2618224322795868,SKEMPI2
1AHW,"IC141Q,TC143I,YC145T",3,3.977485179901123,1.3585848808288574,SKEMPI2
1AHW,"KC154A,KC155A",2,-1.3303074836730957,1.2293146848678589,SKEMPI2
1AHW,"KC158A,NC160A,NC162A",3,4.074826717376709,2.1841981410980225,SKEMPI2
1AHW,"SC184A,RC185A",2,4.018360137939453,0.45306798815727234,SKEMPI2
1AHW,"RC189A,KC190A",2,4.018360137939453,-0.3889889121055603,SKEMPI2
4B0M,"GA7T,AA8M",2,-0.4416569471359253,-2.6027238368988037,SKEMPI2
4B0M,"PM98S,PM99A",2,2.0725505352020264,-0.5111606121063232,SKEMPI2
4B0M,"YM9G,YM37A",2,2.2047524452209473,1.4317947626113892,SKEMPI2
4B0M,"TA7G,MA8A",2,0.4416569471359253,2.8330812454223633,SKEMPI2
4UYQ,"IB51S,NB52I",2,0.04390541464090347,-0.2681189775466919,SKEMPI2
4UYQ,"SB51I,IB52N",2,-0.04390541464090347,0.28758078813552856,SKEMPI2
4UYQ,"IB15S,IB52N",2,2.185483932495117,1.9915236234664917,SKEMPI2
4UYQ,"NB16I,SB51I",2,4.04860782623291,-1.3794678449630737,SKEMPI2
5E9D,"GD27E,TD90Q",2,-1.5506813526153564,0.23123671114444733,SKEMPI2
5E9D,"GD27E,VE49D",2,-1.2024459838867188,-0.1357337236404419,SKEMPI2
5E9D,"GD27E,AE98Y",2,-1.3104627132415771,-1.1476906538009644,SKEMPI2
5E9D,"TD90Q,AE98Y",2,-1.2722268104553223,-1.013175368309021,SKEMPI2
5E9D,"GD27E,TD90Q,AE98Y",3,-2.475290298461914,-0.7987555861473083,SKEMPI2
1GC1,"AC63D,DC40Q",2,0.4992468059062958,-0.9149497747421265,SKEMPI2
1GC1,"QC40A,DC63A",2,-0.4992468059062958,1.1585698127746582,SKEMPI2
1GC1,"QC40A,DC63A,QC89L",3,-0.8482471108436584,0.34318411350250244,SKEMPI2
4E6K,"EA81A,EB81A",2,2.5848121643066406,0.20270459353923798,SKEMPI2
4E6K,"LA68A,LB68A",2,2.6698973178863525,0.48077496886253357,SKEMPI2
4E6K,"EA85A,EB85A",2,3.0725746154785156,0.3240959346294403,SKEMPI2
1K8R,"KA31E,KA30D",2,-0.4096648693084717,0.14534182846546173,SKEMPI2
1K8R,"DA30K,EA31K",2,0.4096648693084717,-0.17727234959602356,SKEMPI2
3AAA,"KA248A,RA258A",2,4.7972846031188965,3.6875112056732178,SKEMPI2
4KRP,"TA277D,AA279F",2,-0.358457088470459,-0.02273634448647499,SKEMPI2
4KRP,"DA277T,FA279A",2,0.358457088470459,-0.003930818289518356,SKEMPI2
1SBB,"VB91Y,TB20L,YB26V",3,-0.13220183551311493,0.6281959414482117,SKEMPI2
1SBB,"LB20T,VB26Y,YB91V",3,0.13220183551311493,-0.39063557982444763,SKEMPI2
1CZ8,"ML4L,NH31H,TH28D",3,-0.45153138041496277,-0.3057778775691986,SKEMPI2
1CZ8,"LL4M,DH28T,HH31N",3,0.45153138041496277,0.8936890363693237,SKEMPI2
1CZ8,"LL4M,YH101H,TH105S",3,1.10240638256073,1.3698184490203857,SKEMPI2
1CZ8,"LL4M,YH54W",2,0.5915803909301758,0.14500762522220612,SKEMPI2
3QIB,"KA67A,EB64A",2,1.5070480108261108,1.797288417816162,SKEMPI2
3QIB,"YP6F,TP11S",2,1.2169697284698486,2.308349609375,SKEMPI2
3MZW,"TB18N,EB1N",2,-0.3843208849430084,0.3023703992366791,SKEMPI2
3MZW,"TB18N,AB1N",2,-0.34248337149620056,-0.03933391347527504,SKEMPI2
3MZW,"TB18N,SB49A",2,-0.09499531984329224,1.0881158113479614,SKEMPI2
3MZW,"TB18N,AB28S",2,0.2150040864944458,0.08259136974811554,SKEMPI2
3MZW,"TB18N,KB28S",2,0.2150040864944458,1.7386480569839478,SKEMPI2
3MZW,"TB18N,EB32D",2,-0.21388307213783264,0.4907352030277252,SKEMPI2
3MZW,"TB18N,AB42E",2,0.3380204439163208,-0.15451446175575256,SKEMPI2
3MZW,"TB46L,TB18N",2,0.17908690869808197,0.610027015209198,SKEMPI2
3MZW,"YB46L,TB18N",2,0.02633553557097912,0.7090070247650146,SKEMPI2
3MZW,"EB38N,TB18N,SB49A",3,-0.13733132183551788,0.9047025442123413,SKEMPI2
3MZW,"NB1E,NB18T",2,0.3843208849430084,-0.6302949786186218,SKEMPI2
3MZW,"NB1A,NB18T",2,0.34248337149620056,-0.14946722984313965,SKEMPI2
3MZW,"NB18T,AB49S",2,0.09499531984329224,-1.0466065406799316,SKEMPI2
3MZW,"NB18T,SB28A",2,-0.2150040864944458,0.04188128933310509,SKEMPI2
3MZW,"NB18T,SB28K",2,-0.2150040864944458,-1.6462922096252441,SKEMPI2
3MZW,"NB18T,DB31A",2,0.7081217765808105,0.16829973459243774,SKEMPI2
3MZW,"NB18T,DB31K",2,1.2189477682113647,-0.5843834280967712,SKEMPI2
3MZW,"NB18T,DB32E",2,0.21388307213783264,-0.2992934286594391,SKEMPI2
3MZW,"NB18T,EB42A",2,-0.3380204439163208,0.0005829297006130219,SKEMPI2
3MZW,"NB18T,LB46T",2,-0.17908690869808197,-0.6455115675926208,SKEMPI2
3MZW,"NB18T,LB46Y",2,-0.02633553557097912,-1.1759440898895264,SKEMPI2
3MZW,"NB18T,NB38E,AB49S",3,0.13733132183551788,-0.8255913257598877,SKEMPI2
1DAN,"ST52C,ST44C",2,0.32587605714797974,-2.104170322418213,SKEMPI2
1DAN,"AU107K,AU110D",2,-0.042667556554079056,-1.677594542503357,SKEMPI2
1DAN,"AU105N,AU106R",2,-0.3999813199043274,-0.8862027525901794,SKEMPI2
1DAN,"AU103T,AU104V",2,0.14902915060520172,-1.1890535354614258,SKEMPI2
1DAN,"AU89E,AU90N",2,0.09357527643442154,-0.1739509254693985,SKEMPI2
1DAN,"AU79N,AU80E",2,0.02454584650695324,-1.7409772872924805,SKEMPI2
1DAN,"AU72K,AU71K",2,0.23973791301250458,-0.7212572693824768,SKEMPI2
1DAN,"AU59K,AU60D",2,0.10151255130767822,-0.13477668166160583,SKEMPI2
1DAN,"AU47N,AU48N,AU46R",3,-0.206581249833107,-0.6889097690582275,SKEMPI2
1DAN,"AU40E,FU41R",2,0.021546082571148872,-1.4318485260009766,SKEMPI2
1DAN,"AU24Q,AU27E",2,-0.03364985063672066,-1.145871877670288,SKEMPI2
1DAN,"AU20Q,AU17N",2,-0.41449108719825745,-0.23026242852210999,SKEMPI2
1DAN,"AU15E,AU14L",2,0.4629063606262207,-1.560250997543335,SKEMPI2
1DAN,"AT64Q,AT63K",2,0.20611460506916046,-0.8793787360191345,SKEMPI2
1DAN,"AT57E,AT56D",2,-0.3045600950717926,-0.14690744876861572,SKEMPI2
1DAN,"AT49D,AT51E",2,-0.433300644159317,-1.5812162160873413,SKEMPI2
1DAN,"WT40R,ST42G",2,1.4816070795059204,-0.24042561650276184,SKEMPI2
1DAN,"CT44S,CT52S",2,-0.32587605714797974,1.13712739944458,SKEMPI2
1DAN,"TT55A,FU50A",2,4.325087070465088,2.8163371086120605,SKEMPI2
1DAN,"TT55A,KT15A",2,3.0546562671661377,2.8683762550354004,SKEMPI2
1DAN,"DT39A,WT40A",2,1.5072107315063477,1.7834829092025757,SKEMPI2
1DAN,"DT39A,FU50A",2,3.1733052730560303,2.1556355953216553,SKEMPI2
1DAN,"DT39A,KT15A",2,3.9962286949157715,2.8713784217834473,SKEMPI2
1DAN,"DT39A,DT53A",2,3.857964038848877,2.220249891281128,SKEMPI2
1DAN,"DT39A,TT55A",2,4.159247875213623,2.4390480518341064,SKEMPI2
1DAN,"DT39A,KT15A,FU50A",3,5.735138893127441,3.292032241821289,SKEMPI2
1DAN,"KU107A,DU110A",2,0.042667556554079056,1.0695161819458008,SKEMPI2
1DAN,"NU105A,RU106A",2,0.3999813199043274,0.3622557520866394,SKEMPI2
1DAN,"TU103A,VU104A",2,-0.14902915060520172,1.1303718090057373,SKEMPI2
1DAN,"SU101A,RU102A",2,0.6385655999183655,1.523726463317871,SKEMPI2
1DAN,"EU89A,NU90A",2,-0.09357527643442154,0.24103090167045593,SKEMPI2
1DAN,"NU79A,EU80A",2,-0.02454584650695324,1.1237998008728027,SKEMPI2
1DAN,"KU71A,KU72A",2,-0.23973791301250458,1.3056421279907227,SKEMPI2
1DAN,"KU59A,DU60A",2,-0.10151255130767822,0.2034653127193451,SKEMPI2
1DAN,"RU46A,NU47A,NU48A",3,0.206581249833107,0.8976742625236511,SKEMPI2
1DAN,"EU40A,RU41F",2,-0.021546082571148872,1.2402572631835938,SKEMPI2
1DAN,"QU24A,EU27A",2,0.03364985063672066,0.8066776990890503,SKEMPI2
1DAN,"NU17A,QU20A",2,0.41449108719825745,0.30200183391571045,SKEMPI2
1DAN,"LU14A,EU15A",2,-0.4629063606262207,1.528326392173767,SKEMPI2
1DAN,"KT63A,QT64A",2,-0.20611460506916046,0.8163161277770996,SKEMPI2
1DAN,"KT60A,DT61A",2,-0.5042316913604736,0.06781063973903656,SKEMPI2
1DAN,"DT56A,ET57A",2,0.3045600950717926,0.11857017874717712,SKEMPI2
1DAN,"DT49A,ET51A",2,0.433300644159317,1.6405285596847534,SKEMPI2
1DAN,"KT41A,KT43A",2,1.1358543634414673,0.6078796982765198,SKEMPI2
1DAN,"KT36A,DT39A",2,1.5714305639266968,1.4679348468780518,SKEMPI2
1EFN,"TA13H,EA14H",2,0.9839035272598267,0.6904199123382568,SKEMPI2
1N8Z,"SA30N,FA91H,WA92Y",3,0.07190047949552536,-0.36891159415245056,SKEMPI2
1N8Z,"NA30S,HA91F,YA92W",3,-0.07190047949552536,-0.036686237901449203,SKEMPI2
5XCO,"DA13C,PB6A",2,2.4099628925323486,0.42995718121528625,SKEMPI2
5XCO,"DA13C,LB7A",2,2.7973828315734863,0.9148920774459839,SKEMPI2
5XCO,"DA13C,YB8A",2,2.618992567062378,2.3447749614715576,SKEMPI2
5XCO,"DA13C,IB9A",2,2.7973828315734863,0.06465503573417664,SKEMPI2
5XCO,"DA13C,SB10A",2,2.4643545150756836,-0.08948981761932373,SKEMPI2
5XCO,"DA13C,YB11A",2,2.7973828315734863,-0.088686004281044,SKEMPI2
5XCO,"DA13C,DB12A",2,2.7973828315734863,0.3610135018825531,SKEMPI2
5XCO,"DA13C,PB13A",2,1.7475835084915161,0.5402759313583374,SKEMPI2
5XCO,"DA13C,VB14A",2,0.8599647283554077,1.1206996440887451,SKEMPI2
5XCO,"DA13G,PB6A",2,2.4538683891296387,1.0407896041870117,SKEMPI2
5XCO,"DA13G,LB7A",2,2.7973828315734863,2.2395505905151367,SKEMPI2
5XCO,"DA13G,YB8A",2,2.7415082454681396,2.9739346504211426,SKEMPI2
5XCO,"DA13G,IB9A",2,2.7973828315734863,0.7870126962661743,SKEMPI2
5XCO,"DA13G,SB10A",2,2.791428565979004,0.559400737285614,SKEMPI2
5XCO,"DA13G,YB11A",2,2.7973828315734863,0.9843009114265442,SKEMPI2
5XCO,"DA13G,DB12A",2,2.7973828315734863,0.6401153802871704,SKEMPI2
5XCO,"DA13G,PB13A",2,2.1223227977752686,0.8684549927711487,SKEMPI2
5XCO,"DA13G,VB14A",2,1.3228204250335693,1.3324098587036133,SKEMPI2
4G2V,"RA198E,NA260R",2,2.2844555377960205,1.6230340003967285,SKEMPI2
4CVW,"LC34G,VC35D",2,7.745464324951172,0.37529000639915466,SKEMPI2
1FCC,"TC44A,YC45A",2,1.9544508457183838,0.4573396146297455,SKEMPI2
2VN5,"AB42S,FB43T",2,-0.25581035017967224,-0.0268256738781929,SKEMPI2
2VN5,"AB42S,AA35T,FB43T",3,-0.3038233816623688,-1.0342622995376587,SKEMPI2
2VN5,"AB42S,FB43T,AA66S",3,0.08797912299633026,0.04163011908531189,SKEMPI2
2VN5,"AB42S,FB43T,AA75S",3,-0.0,0.027666620910167694,SKEMPI2
2VN5,"SB42A,TB43F",2,0.25581035017967224,-0.10928381234407425,SKEMPI2
2VN5,"SB42A,TB43F,TA35A",3,0.3038233816623688,1.3018563985824585,SKEMPI2
2VN5,"SB42A,TB43F,NA37A",3,1.1865808963775635,-0.15238720178604126,SKEMPI2
2VN5,"SB42A,TB43F,YA39A",3,1.2559173107147217,0.8193182945251465,SKEMPI2
2VN5,"SB42A,TB43F,SA66A",3,-0.08797912299633026,-0.11506666988134384,SKEMPI2
2VN5,"SB42A,TB43F,SA75A",3,0.0,-0.07360468059778214,SKEMPI2
2VN5,"SB42A,TB43F,LA77A",3,3.150730848312378,0.6955584287643433,SKEMPI2
2VN5,"SB42A,TB43F,LA79A",3,2.846151828765869,0.4362318813800812,SKEMPI2
2VN5,"SB42A,TB43F,NA81A",3,0.5928263664245605,0.07863260805606842,SKEMPI2
2VN5,"SB42A,TB43F,IA83A",3,0.9193722009658813,-0.007757548242807388,SKEMPI2
2VN5,"SB42A,TB43F,MA125G",3,1.546341061592102,0.7184701561927795,SKEMPI2
2VN5,"SB42A,TB43F,KA127G",3,0.5062000751495361,0.601121723651886,SKEMPI2
2VN5,"AB14S,LB15T",2,1.2761919498443604,-0.9329760670661926,SKEMPI2
2VN5,"SB42Q,TB43Q",2,0.9391224384307861,0.8140608072280884,SKEMPI2
2NY7,"IG27C,QG226C,AG231M",3,-0.20328329503536224,0.47297582030296326,SKEMPI2
2NY7,"IG27C,QG226C",2,-0.1998084932565689,0.8007317781448364,SKEMPI2
2NY7,"CG229G,AG231M",2,0.37896695733070374,0.09263107180595398,SKEMPI2
2NY7,"CG27I,CG226Q,MG231A",3,0.20328329503536224,-0.45083892345428467,SKEMPI2
2NY7,"CG27I,CG226Q",2,0.1998084932565689,-0.7910438179969788,SKEMPI2
2NY7,"GG229C,MG231A",2,-0.37896695733070374,-0.08578533679246902,SKEMPI2
1MQ8,"CB32L,CB170F",2,3.681856870651245,-0.9812354445457458,SKEMPI2
1MQ8,"CB32L,KB31C",2,0.6100000739097595,0.2775880992412567,SKEMPI2
1MQ8,"CB170F,TB171C",2,0.6766378879547119,0.1437450647354126,SKEMPI2
1FSS,"IB9T,VB8T",2,-0.4418452978134155,-0.1542142629623413,SKEMPI2
1FSS,"NB9T,VB8T",2,-0.28640708327293396,-1.5052770376205444,SKEMPI2
1FSS,"TB8V,TB9I",2,0.4418452978134155,0.6652488112449646,SKEMPI2
1FSS,"TB8V,TB9N",2,0.28640708327293396,0.8343333601951599,SKEMPI2
4GU0,"LE20A,TE22A,RE26A",3,0.916396975517273,1.6756161451339722,SKEMPI2
1WQJ,"RI35A,RI36A",2,1.02851140499115,0.4327598512172699,SKEMPI2
3LZF,"EA187D,GA222D",2,-0.12744316458702087,-0.3395754098892212,SKEMPI2
3LZF,"DA187E,DA222G",2,0.12744316458702087,0.3165384531021118,SKEMPI2
1MAH,"YA69N,YA121Q",2,6.1327738761901855,1.2805119752883911,SKEMPI2
1MAH,"YA121Q,WA276R",2,8.959454536437988,0.9078879356384277,SKEMPI2
1MAH,"YA69N,WA276R",2,10.734281539916992,2.0658230781555176,SKEMPI2
1MAH,"YA69N,YA121Q,WA276R",3,10.92611026763916,2.0663504600524902,SKEMPI2
4Y61,"AB222H,AB219F",2,-0.28917425870895386,-2.475562334060669,SKEMPI2
4Y61,"FB219A,HB222A",2,0.28917425870895386,1.7906166315078735,SKEMPI2
1TM1,"RI48A,RI46A",2,5.0519232749938965,0.4499237835407257,SKEMPI2
1TM1,"TI39A,EI41A",2,3.3903958797454834,3.2263166904449463,SKEMPI2
1TM1,"TI39D,EI41A",2,0.7541710138320923,1.200696587562561,SKEMPI2
1TM1,"EI41S,MI40R",2,3.549654960632324,3.0452535152435303,SKEMPI2
4WND,"RA201E,NA263R",2,3.8573801517486572,2.566175699234009,SKEMPI2
1REW,"DB28H,DA28H",2,-0.1956523358821869,0.13168157637119293,SKEMPI2
1REW,"AA77S,AB77S",2,-0.2032642513513565,-0.17775145173072815,SKEMPI2
1REW,"AA89L,AB89L",2,-0.2399224489927292,-0.30651602149009705,SKEMPI2
1REW,"DA23A,DB23A",2,-0.0,0.8216949105262756,SKEMPI2
1REW,"AB42D,AA42D",2,0.05195394158363342,-1.160603404045105,SKEMPI2
1REW,"RB98E,RA98E",2,-0.26882827281951904,0.14853285253047943,SKEMPI2
1REW,"DA19A,DB19A",2,0.6680910587310791,0.5126374363899231,SKEMPI2
1REW,"WA20A,WB20A",2,1.087313175201416,1.2912999391555786,SKEMPI2
1REW,"FA38A,FB38A",2,1.3641711473464966,2.6078624725341797,SKEMPI2
1REW,"PA39A,PB39A",2,1.2945013046264648,1.1633838415145874,SKEMPI2
1REW,"HA28D,HB28D",2,0.1956523358821869,-0.001337328925728798,SKEMPI2
1REW,"SA77A,SB77A",2,0.2032642513513565,0.24535934627056122,SKEMPI2
1REW,"LA89A,LB89A",2,0.2399224489927292,0.3171606659889221,SKEMPI2
1REW,"AA23D,AB23D",2,0.0,-0.47567829489707947,SKEMPI2
1REW,"DA42A,DB42A",2,-0.05195394158363342,0.5539417862892151,SKEMPI2
1REW,"EA98R,EB98R",2,0.26882827281951904,-0.02512374334037304,SKEMPI2
1REW,"WA17F,WB17F",2,0.6724210977554321,1.9839891195297241,SKEMPI2
1REW,"LA40P,LB40P",2,5.307792663574219,0.8530815839767456,SKEMPI2
1REW,"DA42P,DB42P",2,2.355921745300293,-0.781263530254364,SKEMPI2
1REW,"SA58R,SB58R",2,1.6668107509613037,-0.019962294027209282,SKEMPI2
1REW,"YA92A,YB92A",2,1.2152793407440186,1.988531470298767,SKEMPI2
4YH7,"QA207E,QA210E,EA209R",3,-0.038235973566770554,-0.10727372765541077,SKEMPI2
4YH7,"EA207Q,RA209E,EA210Q",3,0.038235973566770554,0.08192379027605057,SKEMPI2
3MZG,"AA167H,AB188H",2,0.2372637242078781,-2.75882625579834,SKEMPI2
3MZG,"HA167A,HB188A",2,-0.2372637242078781,1.7677124738693237,SKEMPI2
2ABZ,"AE14C,AE38C",2,-0.5535333752632141,-2.1263959407806396,SKEMPI2
1C1Y,"KA31E,EA30D",2,-2.0150461196899414,0.6743385195732117,SKEMPI2
1C1Y,"RB5A,NB10D",2,2.7525272369384766,2.316319704055786,SKEMPI2
1C1Y,"KB30A,RB35G",2,2.6203253269195557,2.401503562927246,SKEMPI2
3NGB,"SH32C,AH102C",2,-0.2591139078140259,-0.46221083402633667,SKEMPI2
3NGB,"CH32S,CH102A",2,0.2591139078140259,0.873354971408844,SKEMPI2
1BP3,"DA56E,MA64R",2,-0.44551658630371094,-0.5621287226676941,SKEMPI2
1BP3,"AA64R,AA167D",2,-0.37862420082092285,-1.2993568181991577,SKEMPI2
1BP3,"EA56D,RA64M",2,0.44551658630371094,0.6952603459358215,SKEMPI2
1BP3,"KA164A,EA170A",2,5.407962322235107,0.29929277300834656,SKEMPI2
1BP3,"RA64A,DA167A",2,0.37862420082092285,1.6521159410476685,SKEMPI2
1BP3,"KA168A,FA172A",2,5.3548712730407715,3.4595530033111572,SKEMPI2
1GUA,"DA30E,EA31K",2,2.0150461196899414,-0.6277635097503662,SKEMPI2
1GUA,"RB4A,EA37A",2,1.3008146286010742,2.599052906036377,SKEMPI2
1GUA,"VB14A,EA37A",2,1.7006744146347046,2.6392903327941895,SKEMPI2
4L3E,"YD26D,WE95L",2,3.5434513092041016,2.6994190216064453,SKEMPI2
4L3E,"RA65A,YE48A",2,3.809299945831299,4.121237277984619,SKEMPI2
4L3E,"RA65A,YD26A",2,4.440748691558838,3.7986841201782227,SKEMPI2
4L3E,"YD26A,RA65A",2,4.370967864990234,2.966355323791504,SKEMPI2
4L3E,"YD50A,QA155A",2,1.0905137062072754,0.7241937518119812,SKEMPI2
4L3E,"ND52A,EA166A",2,1.0916823148727417,2.9086501598358154,SKEMPI2
4K71,"MA416V,AA418T",2,1.1963605880737305,-0.903934895992279,SKEMPI2
4K71,"GA503R,AA545V",2,1.667994499206543,-0.9323182702064514,SKEMPI2
4K71,"MA416V,AA418T,GA503R",3,2.7775838375091553,-1.5717592239379883,SKEMPI2
4K71,"GA503E,AA545V",2,2.8493804931640625,-1.740012526512146,SKEMPI2
4K71,"MA416V,AA418T,AA545V",3,2.8541905879974365,-0.955862820148468,SKEMPI2
4K71,"MA416V,GA503E,AA545V",3,2.9276857376098633,-1.6181544065475464,SKEMPI2
4K71,"AA418T,GA503E,AA545V",3,3.1290411949157715,-2.5671520233154297,SKEMPI2
1VFB,"YA32A,QC121A",2,1.586751103401184,2.0279788970947266,SKEMPI2
1VFB,"YA32A,IC124A",2,2.9070167541503906,3.048983573913574,SKEMPI2
1VFB,"YA50A,DC18A",2,1.2664908170700073,3.0748653411865234,SKEMPI2
1VFB,"YA50A,DC119A",2,1.2319692373275757,3.4596927165985107,SKEMPI2
1VFB,"WA92A,QC121A",2,3.520512104034424,3.630493402481079,SKEMPI2
1VFB,"WA92A,IC124A",2,3.852057695388794,2.5390491485595703,SKEMPI2
1VFB,"WA92A,RC125A",2,3.3948090076446533,2.5453038215637207,SKEMPI2
1VFB,"WA92A,LC129A",2,3.3088436126708984,2.2931017875671387,SKEMPI2
1VFB,"YB32A,KC116A",2,1.586751103401184,2.673171043395996,SKEMPI2
1VFB,"WB52A,DC119A",2,2.2483787536621094,2.6193273067474365,SKEMPI2
1VFB,"DB54A,TC118A",2,1.2552056312561035,1.0955249071121216,SKEMPI2
1VFB,"DB100A,SC24A",2,3.371264696121216,2.275421142578125,SKEMPI2
1VFB,"YB101F,DC119A",2,2.737746477127075,2.3173065185546875,SKEMPI2
1VFB,"YB101F,VC120A",2,2.53961443901062,1.6396666765213013,SKEMPI2
3S9D,"QA47A,HA43A,EA44A",3,0.01742631569504738,0.09094525873661041,SKEMPI2
3S9D,"YA43A,SA47A,NA44A",3,0.19081901013851166,0.6271013617515564,SKEMPI2
3S9D,"AA43H,AA44E,AA47Q",3,-0.01742631569504738,-0.4626491367816925,SKEMPI2
3S9D,"AA43Y,AA44N,AA47S",3,-0.19081901013851166,-1.0253020524978638,SKEMPI2
3S9D,"RA120A,EB66A",2,3.602473735809326,1.1679924726486206,SKEMPI2
3S9D,"TB33A,LA8A",2,3.5785608291625977,1.6975473165512085,SKEMPI2
3S9D,"TB33A,LA19A",2,3.3948090076446533,4.063355922698975,SKEMPI2
3S9D,"TB33A,FA20A",2,3.02142596244812,2.6493947505950928,SKEMPI2
3S9D,"TB33A,LA23A",2,5.96136999130249,2.252763509750366,SKEMPI2
3S9D,"TB33A,RA115A",2,4.048243045806885,2.837460517883301,SKEMPI2
3S9D,"TB33A,AA116G",2,4.351393222808838,-1.2593358755111694,SKEMPI2
3S9D,"TB33A,MA119A",2,4.463984966278076,3.1084675788879395,SKEMPI2
3S9D,"TB33A,RA120A",2,5.268608093261719,0.9894385933876038,SKEMPI2
3S9D,"TB33A,SA123A",2,3.063263416290283,2.6608152389526367,SKEMPI2
3S9D,"TB33A,LA124A",2,3.3123912811279297,2.0493805408477783,SKEMPI2
3S9D,"IB34A,RA115A",2,4.271187782287598,3.52193021774292,SKEMPI2
3S9D,"IB34A,AA116G",2,4.474026679992676,0.29177892208099365,SKEMPI2
3S9D,"IB34A,MA119A",2,4.23505163192749,2.7254672050476074,SKEMPI2
3S9D,"IB34A,RA120A",2,5.001758098602295,0.8552259206771851,SKEMPI2
3S9D,"IB34A,SA123A",2,3.0067968368530273,2.3724350929260254,SKEMPI2
3S9D,"IB34A,LA124A",2,3.561387062072754,1.6086775064468384,SKEMPI2
3S9D,"WB87A,RA5A",2,2.3409221172332764,2.2416226863861084,SKEMPI2
3S9D,"WB87A,LA8A",2,3.076577663421631,3.0315980911254883,SKEMPI2
3S9D,"WB87A,MA119A",2,3.8463404178619385,2.9181289672851562,SKEMPI2
3S9D,"WB87A,SA123A",2,2.7515785694122314,4.288210868835449,SKEMPI2
3S9D,"WB87A,LA124A",2,2.94437575340271,4.739932060241699,SKEMPI2
3S9D,"IB90A,LA8A",2,3.740473985671997,1.0109248161315918,SKEMPI2
3S9D,"IB90A,LA19A",2,3.035702705383301,3.1396443843841553,SKEMPI2
3S9D,"IB90A,FA20A",2,2.8162739276885986,2.8049449920654297,SKEMPI2
3S9D,"IB90A,LA23A",2,5.4495320320129395,3.0086112022399902,SKEMPI2
3S9D,"IB90A,RA115A",2,3.525470018386841,3.435048818588257,SKEMPI2
3S9D,"IB90A,MA119A",2,4.035335063934326,3.0555171966552734,SKEMPI2
3S9D,"IB90A,RA120A",2,4.908470153808594,0.5078887343406677,SKEMPI2
3S9D,"IB90A,SA123A",2,3.256808280944824,1.7637041807174683,SKEMPI2
3S9D,"IB90A,LA124A",2,3.3467459678649902,1.3166900873184204,SKEMPI2
3S9D,"DB91A,LA19A",2,2.94437575340271,2.586489200592041,SKEMPI2
3S9D,"DB91A,FA20A",2,2.3848276138305664,1.3463371992111206,SKEMPI2
3S9D,"DB91A,RA115A",2,3.6723010540008545,2.669025421142578,SKEMPI2
3S9D,"DB91A,SA123A",2,2.6789426803588867,0.851887047290802,SKEMPI2
3S9D,"DB91A,LA124A",2,3.02142596244812,0.7875752449035645,SKEMPI2
3S9D,"MB35V,LA8A",2,4.42743444442749,1.906040072441101,SKEMPI2
3S9D,"MB35V,LA19A",2,4.316718578338623,2.6830639839172363,SKEMPI2
3S9D,"MB35V,LA23A",2,7.11393928527832,2.3853325843811035,SKEMPI2
3S9D,"MB35V,RA115A",2,3.7050933837890625,5.3770012855529785,SKEMPI2
3S9D,"MB35V,AA116G",2,5.300297737121582,0.4656778872013092,SKEMPI2
3S9D,"MB35V,MA119A",2,5.456684589385986,2.2141647338867188,SKEMPI2
3S9D,"MB35V,RA120A",2,6.066684722900391,0.43838801980018616,SKEMPI2
3S9D,"MB35V,SA123A",2,4.0805439949035645,2.77152943611145,SKEMPI2
3S9D,"MB35V,LA124A",2,4.533203125,2.4179553985595703,SKEMPI2
3S9D,"EB66A,LA8A",2,4.092513084411621,1.2985812425613403,SKEMPI2
3S9D,"EB66A,LA23A",2,6.058159828186035,3.1839523315429688,SKEMPI2
3S9D,"EB66A,RA115A",2,4.6586079597473145,3.9808411598205566,SKEMPI2
3S9D,"EB66A,AA116G",2,5.041269302368164,-0.11724554747343063,SKEMPI2
3S9D,"EB66A,MA119A",2,4.980967998504639,1.7679532766342163,SKEMPI2
3S9D,"EB66A,RA120A",2,3.6324572563171387,0.8419298529624939,SKEMPI2
3S9D,"EB66A,SA123A",2,3.543700695037842,2.8021717071533203,SKEMPI2
3S9D,"EB66A,LA124A",2,3.7697887420654297,1.9543522596359253,SKEMPI2
3S9D,"HB65A,RA5A",2,2.2143898010253906,1.1948410272598267,SKEMPI2
3S9D,"HB65A,LA8A",2,4.016777992248535,1.6598196029663086,SKEMPI2
3S9D,"HB65A,LA19A",2,3.056492567062378,3.4979968070983887,SKEMPI2
3S9D,"HB65A,RA120A",2,3.8463404178619385,0.5767240524291992,SKEMPI2
3S9D,"HB65A,SA123A",2,1.135684609413147,2.0328710079193115,SKEMPI2
3S9D,"HB65A,LA124A",2,2.939418077468872,1.595646619796753,SKEMPI2
2NYY,"QD5E,ID36V",2,0.04939959943294525,0.16574153304100037,SKEMPI2
2NYY,"VD36I,ED5Q",2,-0.04939959943294525,0.22369219362735748,SKEMPI2
2O3B,"QB74A,WB76A",2,5.755609512329102,1.2064234018325806,SKEMPI2
1HE8,"VA80K,KA124E",2,0.09897152334451675,0.178025022149086,SKEMPI2
1HE8,"VA80K,AA606E",2,-0.45456182956695557,-0.9656938910484314,SKEMPI2
1HE8,"VA80K,KA606E",2,0.45807787775993347,-0.32133886218070984,SKEMPI2
1HE8,"KA80V,FA78S",2,2.162247657775879,1.3245817422866821,SKEMPI2
1HE8,"KA80V,RA83A",2,1.897843837738037,1.5077877044677734,SKEMPI2
1HE8,"KA80V,TA89D",2,2.162247657775879,1.2348341941833496,SKEMPI2
1HE8,"KA80V,KA91A",2,1.5231046676635742,2.1087162494659424,SKEMPI2
1HE8,"KA80V,KA108A",2,2.162247657775879,0.9923171401023865,SKEMPI2
1HE8,"KA80V,KA108E",2,2.162247657775879,0.16178308427333832,SKEMPI2
1HE8,"KA80V,DA95A",2,1.038295030593872,0.8083318471908569,SKEMPI2
1HE8,"KA80V,KA111A",2,1.9676246643066406,1.2961726188659668,SKEMPI2
1HE8,"KA80V,KA112A",2,2.162247657775879,1.8547972440719604,SKEMPI2
1HE8,"KA80V,KA113A",2,1.6758559942245483,0.7524781227111816,SKEMPI2
1HE8,"KA80V,DA117A",2,0.9443292021751404,0.9329837560653687,SKEMPI2
1HE8,"KA80V,EA124K",2,-0.09897152334451675,-0.20487768948078156,SKEMPI2
1HE8,"KA80V,EA606A",2,0.45456182956695557,0.9070196151733398,SKEMPI2
1HE8,"KA80V,EA606K",2,-0.45807787775993347,0.2918049693107605,SKEMPI2
4KRL,"DA49T,FA51A",2,1.8532617092132568,1.0798447132110596,SKEMPI2
1GL0,"MI28K,LI27R",2,3.8372950553894043,5.973025798797607,SKEMPI2
1GL1,"MI30K,GI31A",2,0.13220183551311493,2.088090419769287,SKEMPI2
1GL1,"KI30M,AI31G",2,-0.13220183551311493,-1.7700023651123047,SKEMPI2
4X4M,"KE153A,HE154A,RE155A",3,1.7881416082382202,0.5563659071922302,SKEMPI2
1YY9,"TC31E,NC93A",2,-0.8188995718955994,1.4068764448165894,SKEMPI2
1YY9,"SC26D,TC31E,NC93A",3,-1.3335405588150024,1.3588745594024658,SKEMPI2
2OOB,"EA7K,SA6A",2,-0.16116079688072205,1.5381920337677002,SKEMPI2
2OOB,"EA38I,EA27I",2,-0.2842833995819092,-0.100644052028656,SKEMPI2
2OOB,"AA6S,KA7E",2,0.16116079688072205,-1.7543748617172241,SKEMPI2
2OOB,"AA9E,GA13S",2,3.103360414505005,-3.233196973800659,SKEMPI2
2OOB,"IA27E,IA38E",2,0.2842833995819092,-0.11516193300485611,SKEMPI2
2PCC,"AA34D,AB92K",2,-0.20301209390163422,-1.3147921562194824,SKEMPI2
2PCC,"AA34D,GB86A",2,0.0978018268942833,-0.19775336980819702,SKEMPI2
2PCC,"KB92A,DA34A",2,0.20301209390163422,1.311647891998291,SKEMPI2
2PCC,"KB92A,VA197A",2,1.5015023946762085,0.7892511487007141,SKEMPI2
2PCC,"KB77A,VA197A",2,2.800978183746338,0.9017040729522705,SKEMPI2
2PCC,"KB77A,EA290A",2,1.102177381515503,0.7627848386764526,SKEMPI2
2PCC,"AB86G,DA34A",2,-0.0978018268942833,0.4724123775959015,SKEMPI2
2PCC,"AB86G,VA197A",2,2.1026816368103027,0.08200984448194504,SKEMPI2
3UII,"WA76H,YA58K",2,-0.03452153131365776,1.5460935831069946,SKEMPI2
3UII,"KA58Y,HA76W",2,0.03452153131365776,-1.4406648874282837,SKEMPI2
4KRO,"AA323F,TA321D",2,-0.12702755630016327,-0.3383229076862335,SKEMPI2
4KRO,"DA321T,FA323A",2,0.12702755630016327,0.281503826379776,SKEMPI2
1BRS,"KA25A,YD29A",2,8.624588966369629,7.781254768371582,SKEMPI2
1BRS,"KA25A,DD35A",2,9.549198150634766,8.959771156311035,SKEMPI2
1BRS,"KA25A,WD38F",2,5.1131696701049805,5.271821022033691,SKEMPI2
1BRS,"KA25A,DD39A",2,8.278043746948242,6.344906330108643,SKEMPI2
1BRS,"KA25A,TD42A",2,5.7239251136779785,5.391077518463135,SKEMPI2
1BRS,"KA25A,ED74A",2,6.696013450622559,4.730942726135254,SKEMPI2
1BRS,"KA25A,ED78A",2,5.513151168823242,5.138192653656006,SKEMPI2
1BRS,"RA57A,YD29A",2,8.122605323791504,3.8156495094299316,SKEMPI2
1BRS,"RA57A,DD35A",2,6.334464073181152,3.2304697036743164,SKEMPI2
1BRS,"RA57A,WD38F",2,6.2779974937438965,1.8840177059173584,SKEMPI2
1BRS,"RA57A,TD42A",2,6.820855617523193,1.6585628986358643,SKEMPI2
1BRS,"RA57A,ED74A",2,4.970293045043945,0.36227935552597046,SKEMPI2
1BRS,"RA57A,ED78A",2,5.201466083526611,0.2143642008304596,SKEMPI2
1BRS,"RA81Q,YD29A",2,8.29304313659668,5.295167922973633,SKEMPI2
1BRS,"RA81Q,DD35A",2,9.605664253234863,5.445043087005615,SKEMPI2
1BRS,"RA81Q,WD38F",2,6.758434295654297,2.461099624633789,SKEMPI2
1BRS,"RA81Q,DD39A",2,6.439105033874512,2.662108898162842,SKEMPI2
1BRS,"RA81Q,TD42A",2,6.107559680938721,2.7269368171691895,SKEMPI2
1BRS,"RA81Q,ED74A",2,6.721075534820557,0.8644866347312927,SKEMPI2
1BRS,"RA81Q,ED78A",2,5.764044761657715,0.6529280543327332,SKEMPI2
1BRS,"RA85A,YD29A",2,8.052824974060059,5.2632341384887695,SKEMPI2
1BRS,"RA85A,WD38F",2,7.040988922119141,3.3741674423217773,SKEMPI2
1BRS,"RA85A,DD39A",2,7.185323715209961,2.929654836654663,SKEMPI2
1BRS,"RA85A,TD42A",2,7.020199298858643,3.0142860412597656,SKEMPI2
1BRS,"RA85A,ED74A",2,6.866451263427734,2.3952014446258545,SKEMPI2
1BRS,"RA85A,ED78A",2,6.126986026763916,2.3282477855682373,SKEMPI2
1BRS,"HA100A,YD29A",2,6.306902885437012,5.455320358276367,SKEMPI2
1BRS,"HA100A,YD29F",2,5.549701690673828,5.768838882446289,SKEMPI2
1BRS,"HA100A,WD38F",2,7.6421685218811035,3.842757225036621,SKEMPI2
1BRS,"HA100A,DD39A",2,8.991339683532715,2.9420952796936035,SKEMPI2
1BRS,"HA100A,TD42A",2,8.135626792907715,3.4203221797943115,SKEMPI2
1BRS,"HA100A,ED74A",2,7.5630574226379395,2.600219964981079,SKEMPI2
1BRS,"HA100A,ED78A",2,6.745120525360107,2.414637804031372,SKEMPI2
1BRS,"RA57A,DD39A",2,11.361334800720215,1.1718463897705078,SKEMPI2
1BRS,"EA71Q,DD39A",2,7.207326889038086,1.9468235969543457,SKEMPI2
1BRS,"EA71Q,ED74A",2,3.527010917663574,0.41989171504974365,SKEMPI2
1BRS,"EA71W,DD39A",2,6.665239334106445,2.1102545261383057,SKEMPI2
1BRS,"EA71W,DD35A",2,5.712494850158691,3.866718292236328,SKEMPI2
1BRS,"EA71W,ED74A",2,3.549654960632324,-0.3206748366355896,SKEMPI2
1BRS,"EA71F,DD39A",2,7.471730709075928,1.698364019393921,SKEMPI2
1BRS,"EA71F,DD35A",2,6.410199165344238,4.131020545959473,SKEMPI2
1BRS,"EA71A,DD39A",2,7.185323715209961,2.8174922466278076,SKEMPI2
1BRS,"EA71A,DD35A",2,6.440232276916504,5.579228401184082,SKEMPI2
1BRS,"HA100Q,RA57K",2,6.912182331085205,0.14603997766971588,SKEMPI2
1BRS,"HA100Q,RA57A",2,9.308979034423828,0.9216955304145813,SKEMPI2
4OFY,"QA34A,FA40A",2,4.140706539154053,1.3974499702453613,SKEMPI2
2DVW,"AB22E,AB21E",2,-0.038346003741025925,-1.237626314163208,SKEMPI2
2DVW,"AA37D,AA69D",2,-0.19162222743034363,-1.9495351314544678,SKEMPI2
2DVW,"RB3A,RB7A",2,2.1533782482147217,1.8090635538101196,SKEMPI2
2DVW,"RB3A,RB4A,RB7A",3,2.790146827697754,1.9118677377700806,SKEMPI2
2DVW,"EB21A,EB22A",2,0.038346003741025925,1.6627564430236816,SKEMPI2
2DVW,"DA37A,DA69A",2,0.19162222743034363,2.1303553581237793,SKEMPI2
2DVW,"RA39A,KA114A",2,2.3625965118408203,3.416105270385742,SKEMPI2
3L5X,"GL93E,VL92N,GL94Y",3,0.4632073640823364,-0.6534249782562256,SKEMPI2
3L5X,"LL92N,AL94Y,PL91H",3,0.4446124732494354,0.6079701781272888,SKEMPI2
3L5X,"GL94Y,DL92N,LL93E",3,0.4298209547996521,0.6850493550300598,SKEMPI2
3L5X,"GL94Y,FL93E",2,0.42820003628730774,-0.9018727540969849,SKEMPI2
3L5X,"SL92N,WL93E,AL94Y",3,0.30316370725631714,0.7303117513656616,SKEMPI2
3L5X,"SL92N,GL94Y,SL93E",3,0.24932429194450378,0.7872678637504578,SKEMPI2
3L5X,"NL92D,EL93W,YL94G",3,-1.6832761764526367,-1.7287147045135498,SKEMPI2
3L5X,"NL92E,EL93W,YL94G",3,-1.5510743856430054,-2.0631632804870605,SKEMPI2
3L5X,"NL92D,EL93P,YL94G",3,-1.470618486404419,-0.037144288420677185,SKEMPI2
3L5X,"NL92S,EL93W,YL94G",3,-1.2726197242736816,-1.7278324365615845,SKEMPI2
3L5X,"NL92E,EL93S,YL94G",3,-1.2659252882003784,-1.5859841108322144,SKEMPI2
3L5X,"NL92S,EL93H,YL94G",3,-1.2462842464447021,-0.1539764702320099,SKEMPI2
3L5X,"NL92F,EL93W,YL94G",3,-1.233542799949646,-1.1817160844802856,SKEMPI2
3L5X,"NL92D,EL93W,YL94E",3,-1.1968846321105957,-1.1156339645385742,SKEMPI2
3L5X,"NL92S,EL93Y,YL94G",3,-0.9646185040473938,-0.7100734710693359,SKEMPI2
3L5X,"NL92V,EL93W,YL94G",3,-0.8356277942657471,-0.4151057004928589,SKEMPI2
3L5X,"NL92L,EL93M,YL94G",3,-0.8260461688041687,-0.9406322240829468,SKEMPI2
3L5X,"NL92D,EL93Y,YL94A",3,-0.807335615158081,-0.9166248440742493,SKEMPI2
3L5X,"NL92S,EL93I,YL94G",3,-0.807335615158081,-0.3102931082248688,SKEMPI2
3L5X,"EL93H,YL94G",2,-0.7629918456077576,0.02036098763346672,SKEMPI2
3L5X,"NL92D,EL93W,YL94S",3,-0.7164474129676819,-0.9388571381568909,SKEMPI2
3L5X,"NL92L,EL93N,YL94G",3,-0.6957483291625977,-0.6890383958816528,SKEMPI2
3L5X,"NL92L,EL93D,YL94S",3,-0.6806851625442505,-0.6582733988761902,SKEMPI2
3L5X,"NL92L,EL93L,YL94G",3,-0.6262500882148743,-1.6346406936645508,SKEMPI2
3L5X,"NL92D,EL93N,YL94S",3,-0.5342774987220764,-0.16870777308940887,SKEMPI2
3L5X,"NL92D,EL93R,YL94D",3,-0.5227732062339783,0.20802468061447144,SKEMPI2
3L5X,"NL92S,EL93V,YL94G",3,-0.5171037912368774,-0.44207751750946045,SKEMPI2
3L5X,"NL92V,EL93G,YL94G",3,-0.4632073640823364,0.44279664754867554,SKEMPI2
3L5X,"HL91P,NL92L,YL94A",3,-0.4446124732494354,-0.24704983830451965,SKEMPI2
3L5X,"NL92D,EL93L,YL94G",3,-0.4298209547996521,-0.30604884028434753,SKEMPI2
3L5X,"EL93F,YL94G",2,-0.42820003628730774,0.5977990627288818,SKEMPI2
3L5X,"NL92S,EL93W,YL94A",3,-0.30316370725631714,-0.9556605815887451,SKEMPI2
3L5X,"NL92S,EL93S,YL94G",3,-0.24932429194450378,-0.4567015469074249,SKEMPI2
3SE3,"HB43Y,EB44N,QB47S",3,-0.19081901013851166,0.0751740038394928,SKEMPI2
3SE3,"AB43Y,AB44N,AB47S",3,-0.17339269816875458,0.11920081079006195,SKEMPI2
3SE3,"YB43A,NB44E,SB47Q",3,1.8576297760009766,0.31905508041381836,SKEMPI2
3SE3,"YB43H,NB44A,SB47Q",3,1.383597493171692,-1.067161202430725,SKEMPI2
3SE3,"YB43H,NB44E,SB47A",3,1.7648701667785645,0.22008801996707916,SKEMPI2
3SE3,"YB43H,NB44E,SB47Q",3,0.19081901013851166,-0.08497168123722076,SKEMPI2
3SE3,"YB43A,NB44A,SB47A",3,0.17339269816875458,-0.03853804990649223,SKEMPI2
3SE3,"YB43H,NB44E,SB47Q",3,2.4577348232269287,-0.4047154188156128,SKEMPI2
3SE3,"YB43M,NB44D,SB47L",3,0.7132960557937622,-1.2296290397644043,SKEMPI2
3SE3,"YB43A,NB44A,SB47A",3,0.7697627544403076,0.41888293623924255,SKEMPI2
5UFE,"RB25Q,GB33E,GB34D",3,-0.09752010554075241,0.20936451852321625,SKEMPI2
5UFE,"QB25R,EB33G,DB34G",3,0.09752010554075241,-0.10748898983001709,SKEMPI2
5UFE,"GA12D,QB25R",2,-0.9751043915748596,-1.516105055809021,SKEMPI2
1AO7,"QA63E,VD30Q",2,0.006822939030826092,-0.069037526845932,SKEMPI2
1AO7,"AD31S,FC5Y",2,0.04054573178291321,-1.6588308811187744,SKEMPI2
1AO7,"AA155Q,AD50Y",2,-0.27613577246665955,-1.9057598114013672,SKEMPI2
1AO7,"AD94S,ID28G",2,-0.38309553265571594,-0.490726500749588,SKEMPI2
1AO7,"DD26A,EA58A",2,0.749596118927002,1.628739356994629,SKEMPI2
1AO7,"RD27A,RA170A",2,1.1865081787109375,1.9695196151733398,SKEMPI2
1AO7,"QD30L,LC1A",2,2.7626969814300537,-0.6525710225105286,SKEMPI2
1AO7,"QD30V,LC1A",2,0.7237116098403931,2.024369239807129,SKEMPI2
1AO7,"QD30V,YA159A",2,3.3302760124206543,3.1725199222564697,SKEMPI2
1AO7,"EA63Q,QD30V",2,-0.006822939030826092,0.07735781371593475,SKEMPI2
1AO7,"EA63Q,KA66A",2,1.3316361904144287,1.3603427410125732,SKEMPI2
1AO7,"EA63Q,QD30V,KA66A",3,1.8550679683685303,0.7450738549232483,SKEMPI2
1AO7,"SD31A,YC5A",2,1.70949125289917,1.961897850036621,SKEMPI2
1AO7,"SD31A,YC5F",2,-0.04054573178291321,1.4354026317596436,SKEMPI2
1AO7,"YD50A,QA155A",2,0.27613577246665955,2.7288894653320312,SKEMPI2
1AO7,"ND52A,EA166A",2,3.1431562900543213,0.7753295302391052,SKEMPI2
1AO7,"KD66A,TA163A",2,0.9781012535095215,-2.078939914703369,SKEMPI2
1AO7,"KD66A,EA166A",2,3.0337634086608887,0.4823685586452484,SKEMPI2
1AO7,"TD91A,YC5A",2,3.0309817790985107,1.7131292819976807,SKEMPI2
1AO7,"TD92A,RA65A",2,2.423471212387085,2.498767614364624,SKEMPI2
1AO7,"DD93N,RA65A",2,3.084350109100342,1.0985506772994995,SKEMPI2
1AO7,"SD94A,YC5A",2,1.8610118627548218,1.2123130559921265,SKEMPI2
1AO7,"WD95A,AA69G",2,2.905458688735962,1.2562198638916016,SKEMPI2
1AO7,"EE28A,YC8A",2,3.425438165664673,3.7643017768859863,SKEMPI2
1AO7,"RE92A,YC5A",2,2.019083261489868,2.867879629135132,SKEMPI2
1AO7,"RE92A,YC5F",2,0.6059800386428833,1.996006727218628,SKEMPI2
1AO7,"PE100A,YC5A",2,2.406045913696289,2.833174228668213,SKEMPI2
1AO7,"PE100A,QA155A",2,0.9303608536720276,2.5507006645202637,SKEMPI2
1AO7,"DD93A,QA72A",2,1.0608429908752441,-0.035387806594371796,SKEMPI2
1AO7,"RE99A,YC5A",2,1.8859434127807617,1.1814217567443848,SKEMPI2
1AO7,"GE97S,GE98A,RE99E",3,-3.454111337661743,-2.9641597270965576,SKEMPI2
1AO7,"AE96M,GE97S,GE98A",3,-3.549654960632324,-0.583364725112915,SKEMPI2
1AO7,"GD28I,SD94A",2,-0.38309553265571594,1.163114309310913,SKEMPI2
1AO7,"GD28I,SD94T",2,-0.8996182680130005,-0.6719167828559875,SKEMPI2
1AO7,"GD28L,SD94A",2,-0.5086029171943665,-0.1157391369342804,SKEMPI2
1AO7,"GD28L,SD94T",2,-1.028609037399292,-0.8441582918167114,SKEMPI2
1AO7,"GD28M,SD94A",2,-0.8046229481697083,-0.255684494972229,SKEMPI2
1AO7,"GD28M,SD94T",2,-1.7472666501998901,-0.8416054248809814,SKEMPI2
1AO7,"GD28M,SD51M,SD94T",3,-2.126458168029785,-1.4117718935012817,SKEMPI2
1AO7,"GD28T,SD51M,SD94T",3,-1.6043896675109863,-0.6736955642700195,SKEMPI2
1AO7,"GE98A,RE99Q",2,-1.5635147094726562,-2.6753876209259033,SKEMPI2
1AO7,"AE96M,GE97S",2,-1.0448415279388428,-0.6672868728637695,SKEMPI2
1AO7,"KD97P,AE50P,RE99P",3,-1.6319506168365479,-0.5992838740348816,SKEMPI2
1AO7,"KD97P,RE99P",2,-1.2212941646575928,-0.16908496618270874,SKEMPI2
1DQJ,"NA32A,KC96A",2,5.804446220397949,3.4897570610046387,SKEMPI2
1DQJ,"SA91A,RC21A",2,3.172151565551758,2.6153740882873535,SKEMPI2
1DQJ,"SA91A,YC20A",2,3.5746920108795166,4.038397312164307,SKEMPI2
1DQJ,"YA96A,RC21A",2,3.486760139465332,4.171023368835449,SKEMPI2
1DQJ,"YA96A,SC100A",2,0.9138562679290771,2.484302520751953,SKEMPI2
1DQJ,"DB32A,KC97A",2,1.1228859424591064,4.464208602905273,SKEMPI2
1DQJ,"YB53A,WC62A",2,1.286884069442749,4.663780689239502,SKEMPI2
1DQJ,"YB53A,WC63A",2,2.2002170085906982,4.728326797485352,SKEMPI2
1DQJ,"YB53A,LC75A",2,1.2174066305160522,5.457182884216309,SKEMPI2
1DQJ,"YB53A,DC101A",2,2.728342294692993,4.298325538635254,SKEMPI2
1DQJ,"WB98A,SC100A",2,5.364646911621094,4.865486145019531,SKEMPI2
1DQJ,"WB98A,KC97A",2,6.6630682945251465,6.998325347900391,SKEMPI2
1DQJ,"WB98A,YC20A",2,5.114386558532715,7.796524524688721,SKEMPI2
5M2O,"VB21A,QB25A",2,3.317598819732666,2.056028366088867,SKEMPI2
5M2O,"EA80A,HA117A",2,2.5299770832061768,2.7690110206604004,SKEMPI2
5M2O,"NA71A,HA117A",2,2.286818265914917,1.9985284805297852,SKEMPI2
5M2O,"NA71A,NA120A",2,2.4594626426696777,0.6642765998840332,SKEMPI2
5M2O,"NA71A,EA80A",2,1.0289419889450073,1.224696159362793,SKEMPI2
5M2O,"EA80A,NA120A",2,1.210966944694519,1.0750914812088013,SKEMPI2
5M2O,"HA117A,NA120A",2,2.338982105255127,2.5045833587646484,SKEMPI2
1A22,"AB80K,AB79E",2,0.34476056694984436,-1.5729780197143555,SKEMPI2
1A22,"AB2K,AB5K",2,-0.2402186095714569,-1.444473147392273,SKEMPI2
1A22,"AB80K,AB78D,AB79E",3,-0.20982979238033295,-0.3525627553462982,SKEMPI2
1A22,"AB113E,AB111R,AB107D",3,-0.3143717646598816,-1.0881195068359375,SKEMPI2
1A22,"AB122K,AB119D,AB116R",3,0.0624210461974144,-1.328270673751831,SKEMPI2
1A22,"AA25F,AA42Y,AA46Q",3,-0.19052284955978394,-1.7318994998931885,SKEMPI2
1A22,"AA46Q,AA42Y",2,-0.2733250856399536,-1.373617172241211,SKEMPI2
1A22,"DA110V,HA112D,DA109N",3,-0.346296101808548,0.14610593020915985,SKEMPI2
1A22,"HA129E,DA127R,VA128L",3,-0.31641823053359985,-0.17664067447185516,SKEMPI2
1A22,"SB57A,SB61A",2,-0.5695899724960327,1.4615955352783203,SKEMPI2
1A22,"EB79A,KB80A",2,-0.34476056694984436,1.0053826570510864,SKEMPI2
1A22,"QB121A,KB122A,VB126A",3,-0.8722296357154846,0.6572449207305908,SKEMPI2
1A22,"RB172A,NB173A",2,0.9025979042053223,4.377552032470703,SKEMPI2
1A22,"QB171A,RB172A,NB173A",3,1.1035670042037964,1.1032133102416992,SKEMPI2
1A22,"KB2A,KB5A",2,0.2402186095714569,1.4145424365997314,SKEMPI2
1A22,"RB29A,RB30A,EB34A",3,0.9535146951675415,1.3678470849990845,SKEMPI2
1A22,"DB78A,EB79A,KB80A",3,0.20982979238033295,0.5595104694366455,SKEMPI2
1A22,"DB107A,RB111A,EB113A",3,0.3143717646598816,1.182447910308838,SKEMPI2
1A22,"RB116A,DB119A,KB122A",3,-0.0624210461974144,1.3864903450012207,SKEMPI2
1A22,"FA25A,YA42A,QA46A",3,0.19052284955978394,1.7570786476135254,SKEMPI2
1A22,"YA42A,QA46A",2,0.2733250856399536,1.9746971130371094,SKEMPI2
1A22,"NA12H,FA25L",2,0.8384865522384644,-0.6571551561355591,SKEMPI2
1A22,"EA56D,RA64M",2,2.0033140182495117,0.35023635625839233,SKEMPI2
1A22,"NA109D,VA110D,DA112H",3,0.346296101808548,-0.05075148493051529,SKEMPI2
1A22,"RA127D,LA128V,EA129H",3,0.31641823053359985,0.30650776624679565,SKEMPI2
1A22,"KA157A,EA163A",2,-0.7697627544403076,3.7213659286499023,SKEMPI2
1A22,"RA64A,DA160A",2,3.3227505683898926,1.7467041015625,SKEMPI2
1A22,"KA161A,FA165A",2,3.7808284759521484,4.964747905731201,SKEMPI2
1KNE,"KP2T,FA3A",2,0.03591717779636383,0.9131941795349121,SKEMPI2
1KNE,"FA3A,LP2T",2,-0.3929699659347534,1.9575822353363037,SKEMPI2
1KNE,"KP2T,LA3A",2,0.15893353521823883,-0.010878842324018478,SKEMPI2
1KNE,"IP2T,LA3A",2,-0.06589584797620773,0.7097941637039185,SKEMPI2
1KNE,"FP2T,LA3A",2,-0.25172290205955505,1.2744064331054688,SKEMPI2
1KNE,"LP2T,LA3A",2,-0.25172290205955505,0.7664930820465088,SKEMPI2
1KNE,"KP2T,TA3A",2,0.3143717646598816,0.22524549067020416,SKEMPI2
1KNE,"KP2T,FA40D",2,0.2063549906015396,-1.6289750337600708,SKEMPI2
1KNE,"IP2T,FA40D",2,-0.20430143177509308,-0.695375919342041,SKEMPI2
1KNE,"FP2T,FA40D",2,0.15893353521823883,-2.3800430297851562,SKEMPI2
1KNE,"LP2T,FA40D",2,-0.29562830924987793,-0.48963239789009094,SKEMPI2
1KNE,"KA40D,KP2T",2,-0.336503267288208,-2.0580456256866455,SKEMPI2
1KNE,"KA40D,IP2T",2,-0.0,0.0748324990272522,SKEMPI2
1KNE,"KA40D,FP2T",2,0.03591717779636383,-0.9017965197563171,SKEMPI2
1KNE,"KA40D,LP2T",2,0.3143717646598816,-0.22511278092861176,SKEMPI2
1KNE,"TA40D,LP2T",2,-0.25172290205955505,-0.0409226231276989,SKEMPI2
1KNE,"KA3A,AA24K",2,0.2579050660133362,0.853935956954956,SKEMPI2
1KNE,"AA3F,TP2K",2,-0.03591717779636383,-0.8498345613479614,SKEMPI2
1KNE,"AA3F,TP2I",2,0.5897433161735535,-1.0922472476959229,SKEMPI2
1KNE,"AA3F,TP2F",2,0.8036264181137085,-0.414622038602829,SKEMPI2
1KNE,"AA3F,TP2L",2,0.3929699659347534,-2.237428665161133,SKEMPI2
1KNE,"AA3K,TP2K",2,1.5997247695922852,-0.046952422708272934,SKEMPI2
1KNE,"AA3K,TP2I",2,1.398034691810608,-0.7969515919685364,SKEMPI2
1KNE,"AA3K,TP2F",2,1.4692765474319458,-1.0106977224349976,SKEMPI2
1KNE,"AA3K,TP2L",2,1.8344539403915405,-0.8772865533828735,SKEMPI2
1KNE,"AA3L,TP2K",2,-0.15893353521823883,0.39646968245506287,SKEMPI2
1KNE,"AA3L,TP2I",2,0.06589584797620773,-1.2073373794555664,SKEMPI2
1KNE,"AA3L,TP2F",2,0.25172290205955505,-1.566222906112671,SKEMPI2
1KNE,"AA3L,TP2L",2,0.25172290205955505,-0.6319609880447388,SKEMPI2
1KNE,"AA3T,TP2K",2,-0.3143717646598816,-0.24751199781894684,SKEMPI2
1KNE,"AA3T,TP2I",2,0.6024847030639648,-0.9024465084075928,SKEMPI2
1KNE,"AA3T,TP2F",2,0.7853956818580627,-0.10272178053855896,SKEMPI2
1KNE,"AA3T,TP2L",2,0.5634077787399292,-1.579338550567627,SKEMPI2
1KNE,"DA40F,TP2K",2,-0.2063549906015396,1.6205161809921265,SKEMPI2
1KNE,"DA40F,TP2I",2,0.20430143177509308,0.42199477553367615,SKEMPI2
1KNE,"DA40F,TP2F",2,-0.15893353521823883,1.7900195121765137,SKEMPI2
1KNE,"DA40F,TP2L",2,0.29562830924987793,0.7815656661987305,SKEMPI2
1KNE,"DA40I,TP2K",2,0.5897433161735535,1.063059687614441,SKEMPI2
1KNE,"DA40I,TP2I",2,0.614957869052887,0.7281992435455322,SKEMPI2
1KNE,"DA40I,TP2F",2,1.0953950881958008,0.7225619554519653,SKEMPI2
1KNE,"DA40I,TP2L",2,0.5767219066619873,0.34599772095680237,SKEMPI2
1KNE,"DA40K,TP2K",2,0.336503267288208,2.7145891189575195,SKEMPI2
1KNE,"DA40K,TP2I",2,0.0,0.32683655619621277,SKEMPI2
1KNE,"DA40K,TP2F",2,-0.03591717779636383,0.023208025842905045,SKEMPI2
1KNE,"DA40K,TP2L",2,-0.3143717646598816,-0.12198077142238617,SKEMPI2
1KNE,"DA40T,TP2K",2,0.7270746231079102,1.4353892803192139,SKEMPI2
1KNE,"DA40T,TP2I",2,0.8872087001800537,1.044753074645996,SKEMPI2
1KNE,"DA40T,TP2F",2,1.240618348121643,1.4775097370147705,SKEMPI2
1KNE,"DA40T,TP2L",2,0.25172290205955505,-0.19137583673000336,SKEMPI2
1KNE,"KA24A,AA3K",2,-0.2579050660133362,-0.48068735003471375,SKEMPI2
4RA0,"GC61D,AC66V,RC101G",3,1.5820304155349731,0.6598093509674072,SKEMPI2
4RA0,"SC6G,AC66V,RC101G",3,0.9792775511741638,-0.10893751680850983,SKEMPI2
4RA0,"SC6G,GC61D,AC66V",3,1.4648281335830688,0.12789292633533478,SKEMPI2
4RA0,"AC66V,RC101G",2,0.9535146951675415,0.2762405276298523,SKEMPI2
4RA0,"GC61D,AC66V",2,1.5179190635681152,0.525141716003418,SKEMPI2
4RA0,"SC6G,AC66V",2,0.9219698905944824,0.19679497182369232,SKEMPI2
1R0R,"DI5E,MI16R,DI38E",3,-0.4106564223766327,-1.1147346496582031,SKEMPI2
1R0R,"VI16R,II18L",2,0.01634453982114792,-0.8797243237495422,SKEMPI2
1R0R,"NI46S,MI13L,DI31N",3,0.3073604106903076,-0.24207854270935059,SKEMPI2
1R0R,"TI10A,MI13L",2,-0.25873422622680664,1.3229706287384033,SKEMPI2
1R0R,"RI47H,MI13L",2,0.31760478019714355,-0.5715693235397339,SKEMPI2
1R0R,"NI46S,MI13L",2,0.49729984998703003,-0.6513990163803101,SKEMPI2
1R0R,"VI10A,SI12T",2,-0.0947713702917099,-1.380112648010254,SKEMPI2
1R0R,"TI12K,LI13R",2,5.259514808654785,4.289122581481934,SKEMPI2
1R0R,"TI12R,LI13R",2,6.506483554840088,5.251400470733643,SKEMPI2
1R0R,"AI10R,LI13R",2,7.752178192138672,4.306842803955078,SKEMPI2
1R0R,"AI10R,TI12K,LI13R",3,9.314399719238281,3.144125461578369,SKEMPI2
1R0R,"EI5D,RI16M,EI38D",3,0.4106564223766327,0.6807326078414917,SKEMPI2
1R0R,"LI13M,TI44N,KI50T",3,-0.8384865522384644,0.6171931624412537,SKEMPI2
1R0R,"NI23S,GI27A",2,1.2537312507629395,0.440921813249588,SKEMPI2
1R0R,"AI10D,GI27A",2,5.903494834899902,0.3986190855503082,SKEMPI2
1R0R,"AI10D,GI27A,NI28S",3,5.834187984466553,2.3164281845092773,SKEMPI2
1R0R,"TI12M,LI13S,GI27V",3,3.013808250427246,5.130715370178223,SKEMPI2
1R0R,"RI16V,LI18I",2,-0.01634453982114792,1.0373377799987793,SKEMPI2
1R0R,"LI13S,RI16V,LI18I",3,1.8898556232452393,4.41214656829834,SKEMPI2
1R0R,"LI13M,NI31D,SI46N",3,-0.3073604106903076,0.3770810663700104,SKEMPI2
1R0R,"AI10T,LI13M",2,0.25873422622680664,-0.49361497163772583,SKEMPI2
1R0R,"LI13M,TI25S,GI27D",3,2.1459031105041504,2.2184295654296875,SKEMPI2
1R0R,"LI13I,GI27D",2,5.3034586906433105,3.214113712310791,SKEMPI2
1R0R,"AI10D,LI13A,YI15D",3,8.94481372833252,6.8826584815979,SKEMPI2
1R0R,"LI13M,HI47R",2,-0.31760478019714355,0.10529185831546783,SKEMPI2
1R0R,"LI13M,HI47R,KI50E",3,-0.9173604846000671,-0.2898608148097992,SKEMPI2
1R0R,"LI13M,SI46N",2,-0.49729984998703003,0.4472001791000366,SKEMPI2
1R0R,"LI13M,YI15Q",2,3.640117645263672,3.23443341255188,SKEMPI2
1R0R,"LI13M,GI27D",2,2.3932597637176514,1.2289738655090332,SKEMPI2
1R0R,"AI10D,LI13A",2,5.530481815338135,2.7624001502990723,SKEMPI2
1R0R,"AI10V,TI12S",2,0.0947713702917099,1.5675170421600342,SKEMPI2
1R0R,"KI8T,PI9E,AI10Y",3,-0.8727518916130066,-2.028179168701172,SKEMPI2
1R0R,"KI8S,PI9D,AI10Y",3,-1.929858684539795,-1.889946699142456,SKEMPI2
3BP8,"FA115A,AC51F",2,-0.7745522260665894,-0.21747080981731415,SKEMPI2
4JFD,"AC6G,GC4A",2,-0.07705023139715195,-0.545039713382721,SKEMPI2
4JFD,"AC7I,GC4A",2,0.08859036862850189,0.08450640738010406,SKEMPI2
4JFD,"AC8L,GC4A",2,0.31932955980300903,0.6151810884475708,SKEMPI2
4JFD,"AC9T,GC4A",2,-0.016232576221227646,0.6671130061149597,SKEMPI2
4JFD,"AC4G,EC1A",2,0.8046229481697083,-0.11862672865390778,SKEMPI2
4JFD,"AC4G,GC6A",2,0.07705023139715195,0.14933006465435028,SKEMPI2
4JFD,"AC4G,IC7A",2,-0.08859036862850189,-0.09859532117843628,SKEMPI2
4JFD,"AC4G,LC8A",2,-0.31932955980300903,-1.1121504306793213,SKEMPI2
4JFD,"AC4G,TC9A",2,0.016232576221227646,-0.6491326093673706,SKEMPI2
1MHP,"VH50T,EH64K",2,0.36120107769966125,-0.007426010444760323,SKEMPI2
1MHP,"DH60L,QH64K",2,-0.04300859197974205,-1.2637078762054443,SKEMPI2
1MHP,"DH60L,EH64K",2,0.14186398684978485,-0.5366815328598022,SKEMPI2
1MHP,"IL90S,YL29N",2,-0.434562623500824,2.2388739585876465,SKEMPI2
1MHP,"TH50V,SL27Q,NL51Y",3,-1.0239880084991455,-0.032235171645879745,SKEMPI2
1MHP,"TH50V,KH64E",2,-0.36120107769966125,-0.181964710354805,SKEMPI2
1MHP,"LH60D,KH64Q",2,0.04300859197974205,0.9965234994888306,SKEMPI2
1MHP,"LH60D,KH64E",2,-0.14186398684978485,1.112963080406189,SKEMPI2
1MHP,"KH64E,SL27Q,NL51Y",3,-0.9535146951675415,-0.3714217245578766,SKEMPI2
1MHP,"SL90R,NL29E",2,2.728342294692993,0.4946068227291107,SKEMPI2
1MHP,"WL89Q,FL32Y",2,0.8714090585708618,1.6825671195983887,SKEMPI2
1MHP,"TH50V,SH35V",2,2.728342294692993,-0.515860378742218,SKEMPI2
1MHP,"TH50V,SH35A",2,2.0767698287963867,0.13013365864753723,SKEMPI2
1MHP,"SH35A,GH102S",2,1.5733891725540161,0.5115418434143066,SKEMPI2
1MHP,"SH35V,GH102S",2,1.4263132810592651,-0.39378371834754944,SKEMPI2
1MHP,"TH50V,GH102S",2,1.6682031154632568,0.37071239948272705,SKEMPI2
1MHP,"NL29Y,SL90I",2,0.434562623500824,-2.4991955757141113,SKEMPI2
1MHP,"TH33E,GH53Q",2,1.6682031154632568,0.9209649562835693,SKEMPI2
1MHP,"TH50V,SL27Q",2,-0.6949949264526367,-0.018117884173989296,SKEMPI2
1MHP,"KH64E,SL27Q",2,-0.857230007648468,-0.29533347487449646,SKEMPI2
2KSO,"KB25D,DA10K",2,-0.38742002844810486,0.344540536403656,SKEMPI2
2KSO,"DA49K,KB36D",2,-0.176107257604599,0.30721718072891235,SKEMPI2
2KSO,"EA43R,EB20H",2,-0.45456182956695557,0.022473713383078575,SKEMPI2
2KSO,"KA10D,DB25K",2,0.38742002844810486,0.11774212121963501,SKEMPI2
2KSO,"KA10E,EB27K",2,0.6432303786277771,0.47374001145362854,SKEMPI2
2KSO,"KA49D,DB36K",2,0.176107257604599,0.695091962814331,SKEMPI2
2KSO,"RA43E,HB20R",2,-0.8213128447532654,0.8200568556785583,SKEMPI2
2KSO,"RA43E,HB20E",2,0.45456182956695557,0.5197635293006897,SKEMPI2
1Z7X,"QW430A,VW432A",2,0.9395740032196045,0.43760472536087036,SKEMPI2
1Z7X,"WW438A,SW439A,EW440A",3,1.972199559211731,1.6599254608154297,SKEMPI2
1Z7X,"YW434A,DW435A",2,7.171210765838623,5.066337585449219,SKEMPI2
1Z7X,"YW434A,YW437A",2,7.240991592407227,5.641015529632568,SKEMPI2
3G6D,"TH215K,TH210K",2,0.13300734758377075,-0.3138563334941864,SKEMPI2
3G6D,"KH210T,KH215T",2,-0.13300734758377075,0.45446261763572693,SKEMPI2
1C4Z,"PA243S,PA245N",2,0.07573513686656952,0.0036986898630857468,SKEMPI2
1C4Z,"SA243P,NA245P",2,-0.07573513686656952,-0.06093811243772507,SKEMPI2
1CHO,"DI12A,AI29G,SI30N",3,0.030033236369490623,-2.913191556930542,SKEMPI2
1CHO,"MI15L,NI48S,DI33N",3,0.48241159319877625,-0.08143208920955658,SKEMPI2
1CHO,"MI15L,RI49H",2,-0.14070072770118713,-0.5581046342849731,SKEMPI2
1CHO,"MI15L,RI49H,EI52K",3,0.44068965315818787,0.14555202424526215,SKEMPI2
1CHO,"MI15L,NI48S",2,-0.3806231915950775,-0.4977141320705414,SKEMPI2
1CHO,"TI14K,LI15R",2,7.472139358520508,5.099459171295166,SKEMPI2
1CHO,"TI14R,LI15R",2,7.2265849113464355,6.420417785644531,SKEMPI2
1CHO,"AI12R,LI15R",2,4.977166652679443,3.5567679405212402,SKEMPI2
1CHO,"AI12R,TI14K,LI15R",3,7.98739767074585,5.815672397613525,SKEMPI2
1CHO,"AI12R,TI14P,LI15R",3,8.920000076293945,6.445092678070068,SKEMPI2
1CHO,"EI7D,RI18M,EI40D",3,2.5434629917144775,-0.22100526094436646,SKEMPI2
1CHO,"LI15M,TI46N,KI52T",3,0.6553633213043213,0.4564078152179718,SKEMPI2
1CHO,"NI25S,GI29A",2,-0.860901951789856,0.35815081000328064,SKEMPI2
1CHO,"AI12D,GI29A",2,-0.8657383322715759,0.7198588848114014,SKEMPI2
1CHO,"AI12D,GI29A,NI30S",3,-0.030033236369490623,2.1648740768432617,SKEMPI2
1CHO,"TI14M,LI15S,GI29V",3,8.988038063049316,3.569289207458496,SKEMPI2
1CHO,"RI18V,LI20I",2,2.1671829223632812,-0.47122469544410706,SKEMPI2
1CHO,"LI15S,RI18V,LI20I",3,7.224715232849121,1.2417209148406982,SKEMPI2
1CHO,"LI15M,NI33D,SI48N",3,-0.48241159319877625,0.386914998292923,SKEMPI2
1CHO,"AI12T,LI15M",2,0.9234814643859863,-0.09971871972084045,SKEMPI2
1CHO,"LI15M,TI27S,GI29D",3,3.5814502239227295,3.003492832183838,SKEMPI2
1CHO,"AI12D,LI15A,YI17D",3,10.913369178771973,6.5178446769714355,SKEMPI2
1CHO,"LI15M,HI49R",2,0.14070072770118713,0.6237401962280273,SKEMPI2
1CHO,"LI15M,HI49R,KI52E",3,-0.44068965315818787,0.17965765297412872,SKEMPI2
1CHO,"LI15M,SI48N",2,0.3806231915950775,0.3389636278152466,SKEMPI2
1CHO,"LI15M,YI17Q",2,3.5196218490600586,3.8039028644561768,SKEMPI2
1CHO,"LI15M,GI29D",2,3.419841766357422,2.696901321411133,SKEMPI2
1CHO,"AI12D,LI15A",2,4.827918529510498,3.716826915740967,SKEMPI2
1CHO,"TI14P,LI15K,GI29D",3,9.929821014404297,4.980186939239502,SKEMPI2
1CHO,"TI14P,LI15K",2,8.366068840026855,4.496855735778809,SKEMPI2
1CHO,"AI12V,TI14S",2,3.6101016998291016,1.1056056022644043,SKEMPI2
1CHO,"KI10T,PI11E,AI12Y",3,-0.9422295689582825,-2.302884817123413,SKEMPI2
1CHO,"KI10S,PI11D,AI12Y",3,-1.0332770347595215,-2.462507486343384,SKEMPI2
4JEU,"LB147A,EB148A",2,1.1937333345413208,0.0849699079990387,SKEMPI2
4FTV,"QA63E,AD93D",2,0.0045398841612041,-0.440012663602829,SKEMPI2
4FTV,"KD66A,TA163A",2,-2.1304590702056885,0.7606130838394165,SKEMPI2
4FTV,"DD93A,RA65A",2,1.4018852710723877,0.7662428617477417,SKEMPI2
4FTV,"EA63Q,DD93A",2,-0.0045398841612041,0.8790652751922607,SKEMPI2
4FTV,"EA63Q,KA66A",2,1.3316361904144287,1.144278883934021,SKEMPI2
4FTV,"EA63Q,DD93A,KA66A",3,1.8550679683685303,0.5840302109718323,SKEMPI2
4FTV,"SE99G,AE100G,QE101R",3,3.65146803855896,3.3392927646636963,SKEMPI2
4FTV,"ME98A,AE100G,QE101R",3,3.6194357872009277,3.3983709812164307,SKEMPI2
4FTV,"ME98A,QE101E",2,0.5062000751495361,0.40031081438064575,SKEMPI2
2NZ9,"YD30D,KD29S,DD31H",3,0.04996808245778084,0.5367252230644226,SKEMPI2
2NZ9,"SD29K,DD30Y,HD31D",3,-0.04996808245778084,-0.31700441241264343,SKEMPI2
3SE4,"KB134A,EC69A",2,1.9022706747055054,1.7172050476074219,SKEMPI2
3SE4,"KB134R,EC69A",2,1.4014806747436523,1.590139389038086,SKEMPI2
1JRH,"KI11E,LI9T",2,0.02557743899524212,0.2452024519443512,SKEMPI2
1JRH,"VI18I,LI15M",2,0.21370169520378113,-0.1145690307021141,SKEMPI2
1JRH,"DI55H,TI51I,SI49A",3,-0.07070722430944443,0.8627028465270996,SKEMPI2
1JRH,"AI73V,KI78R",2,0.21370169520378113,-0.7665817737579346,SKEMPI2
1JRH,"KI90E,DI85A,RI88K",3,0.04776924476027489,0.6018286347389221,SKEMPI2
1JRH,"TI9L,EI11K",2,-0.02557743899524212,-0.556099534034729,SKEMPI2
1JRH,"MI15L,II18V",2,-0.21370169520378113,0.26673623919487,SKEMPI2
1JRH,"AI49S,II51T,HI55D",3,0.07070722430944443,-0.933824360370636,SKEMPI2
1JRH,"VI73A,RI78K",2,-0.21370169520378113,0.9115409255027771,SKEMPI2
1JRH,"AI85D,KI88R,EI90K",3,-0.04776924476027489,-0.25172874331474304,SKEMPI2
1JRH,"AI93L,VI94M",2,0.6339466571807861,-0.8529049158096313,SKEMPI2
1JRH,"EI45P,II47R",2,-3.441638231277466,0.2148454785346985,SKEMPI2
1JRH,"SI44G,EI45G,II47R",3,-3.3792171478271484,-0.038895975798368454,SKEMPI2
1JRH,"EI45P,II47L",2,-3.4583282470703125,0.062123797833919525,SKEMPI2
1JRH,"SI44G,EI45P,II47K",3,-3.8861582279205322,0.1344059407711029,SKEMPI2
1B3S,"AA102H,FD30Y",2,-5.549701690673828,-6.040895938873291,SKEMPI2
5UFQ,"GC55K,RC25Q",2,-0.24635806679725647,0.03935268521308899,SKEMPI2
5UFQ,"DA12G,QC25R,KC55G",3,1.5138851404190063,0.40623989701271057,SKEMPI2
5UFQ,"QC25R,KC55G",2,0.24635806679725647,0.17459595203399658,SKEMPI2
1EMV,"FB86A,LA31A",2,6.679957866668701,3.0102524757385254,SKEMPI2
1EMV,"FB86A,VA32A",2,4.665832996368408,1.9092128276824951,SKEMPI2
1EMV,"FB86A,VA35A",2,4.068404197692871,1.5756378173828125,SKEMPI2
1EMV,"FB86A,YA52A",2,8.723506927490234,2.5739126205444336,SKEMPI2
1EMV,"FB86A,YA53A",2,8.263228416442871,2.1617915630340576,SKEMPI2
2J0T,"TD2L,VD4S",2,3.4705440998077393,-0.09327362477779388,SKEMPI2
2J0T,"TD2L,VD4S,SD68A",3,5.2862467765808105,-0.4536619782447815,SKEMPI2
2J0T,"TD2S,VD4A",2,1.2502000331878662,1.2653517723083496,SKEMPI2
2J0T,"TD2S,VD4A,SD68Y",3,2.1472480297088623,-3.4422788619995117,SKEMPI2
2J0T,"CD1S,FD12Y",2,4.200530052185059,0.46846020221710205,SKEMPI2
2J0T,"VD69A,AD103V",2,0.7013269662857056,1.7462533712387085,SKEMPI2
5C6T,"NA195A,DA197A",2,0.5867636799812317,0.9786221981048584,SKEMPI2
5C6T,"YA182A,NA195A,DA197A",3,2.943742513656616,1.7886029481887817,SKEMPI2
2CCL,"TB49A,SB48A",2,0.07970309257507324,0.15823274850845337,SKEMPI2
2CCL,"AB48S,AB49T",2,-0.07970309257507324,-0.1622561812400818,SKEMPI2
1BD2,"EE28A,YC8A",2,3.966677188873291,4.591220855712891,SKEMPI2
1BD2,"ED93A,RA65A",2,3.1152541637420654,1.4191770553588867,SKEMPI2
1BD2,"DD30N,YC5A",2,1.4770017862319946,0.8669939041137695,SKEMPI2
1BD2,"DD30N,YC5F",2,2.499720573425293,0.3041239082813263,SKEMPI2
1BD2,"YE99A,YC5F",2,0.8948648571968079,1.4873162508010864,SKEMPI2
1BD2,"YE99A,YC5A",2,2.6869916915893555,1.8721730709075928,SKEMPI2
1BD2,"EA63Q,KA66A",2,1.9614979028701782,0.8128708600997925,SKEMPI2
2B2X,"TH50V,KH64E,NL52Y",3,-0.37727001309394836,-0.7144457101821899,SKEMPI2
2B2X,"KH64E,NL52Y",2,-0.3486860692501068,-0.7422281503677368,SKEMPI2
2B2X,"TH50V,NL52Y",2,-0.1864510029554367,-0.4441226124763489,SKEMPI2
2B2X,"EH64K,QL28S,YL52N",3,0.7803654074668884,0.9221669435501099,SKEMPI2
2B2X,"VH50T,QL28S,YL52N",3,0.8883821964263916,0.6140494346618652,SKEMPI2
2B2X,"VH50T,EH64K,YL52N",3,0.37727001309394836,0.47622090578079224,SKEMPI2
2B2X,"VH50T,EH64K,QL28S",3,0.9403850436210632,0.30779874324798584,SKEMPI2
2B2X,"QL28S,YL52N",2,0.682479977607727,0.8729617595672607,SKEMPI2
2B2X,"EH64K,YL52N",2,0.3486860692501068,1.1689872741699219,SKEMPI2
2B2X,"VH50T,YL52N",2,0.1864510029554367,0.343991756439209,SKEMPI2
1MLC,"NA32G,NA92A",2,-0.6869605183601379,1.055120825767517,SKEMPI2
1MLC,"SB57V,TB58D",2,-0.988170862197876,-0.2743108868598938,SKEMPI2
1MLC,"NA92A,SB57V,TB58D",3,-2.3952598571777344,-0.039563484489917755,SKEMPI2
1Y4A,"SI40E,RI39M",2,-3.549654960632324,-3.856605052947998,SKEMPI2
1B2U,"AA27K,AD36D",2,-9.549198150634766,-8.142971992492676,SKEMPI2
1LFD,"KA45D,KA17M",2,0.20182165503501892,-0.35458824038505554,SKEMPI2
1LFD,"KA81D,KA17M",2,0.4014550745487213,-0.3615725040435791,SKEMPI2
1LFD,"AB25Q,AA16N",2,-0.30178165435791016,-0.24212616682052612,SKEMPI2
1LFD,"AA38D,AB33D",2,-0.2003227025270462,-0.46396708488464355,SKEMPI2
1LFD,"AA16N,AB39S",2,-0.0,-0.9262738227844238,SKEMPI2
1LFD,"AA35K,AB39S",2,0.09967343509197235,-1.3349348306655884,SKEMPI2
1LFD,"AB63E,AA35K",2,-0.28575387597084045,-0.9064788818359375,SKEMPI2
1LFD,"MA17K,DA45K",2,-0.20182165503501892,0.5159960389137268,SKEMPI2
1LFD,"MA17K,DA81K",2,-0.4014550745487213,1.0189976692199707,SKEMPI2
1LFD,"MA17K,DA38K,DA45K",3,-1.8022412061691284,0.7073999643325806,SKEMPI2
1LFD,"DA38K,DA43K,EA44K",3,-1.2028181552886963,0.427733838558197,SKEMPI2
1LFD,"DA45K,DA81K",2,-0.7013956308364868,0.22907069325447083,SKEMPI2
1LFD,"NA16A,QB25A",2,0.30178165435791016,0.11181828379631042,SKEMPI2
1LFD,"KA19A,QB25A",2,2.5012662410736084,0.5029516220092773,SKEMPI2
1LFD,"DA38A,DB33A",2,0.2003227025270462,0.842070460319519,SKEMPI2
1LFD,"HA40A,DB33A",2,2.201554298400879,1.6408408880233765,SKEMPI2
1LFD,"NA16A,SB39A",2,0.0,0.5068148374557495,SKEMPI2
1LFD,"YA18F,SB39A",2,0.8008137345314026,0.5152230858802795,SKEMPI2
1LFD,"KA35A,SB39A",2,-0.09967343509197235,1.4083640575408936,SKEMPI2
1LFD,"HA40A,SB39A",2,0.5011252760887146,0.7203080654144287,SKEMPI2
1LFD,"NA16A,YB40F",2,2.3011672496795654,0.47792720794677734,SKEMPI2
1LFD,"YA18F,YB40F",2,2.601687431335449,0.36348581314086914,SKEMPI2
1LFD,"SA20A,YB40F",2,1.7991840839385986,0.6824246644973755,SKEMPI2
1LFD,"NA14A,RB41A",2,1.6006627082824707,1.504318356513977,SKEMPI2
1LFD,"NA16A,RB41A",2,1.4007436037063599,0.6734620332717896,SKEMPI2
1LFD,"YA18F,RB41A",2,1.7991840839385986,1.2052781581878662,SKEMPI2
1LFD,"HA40A,VB29A",2,1.919624924659729,0.7834180593490601,SKEMPI2
1LFD,"RA7A,EB37A",2,2.0166759490966797,0.6647977828979492,SKEMPI2
1LFD,"NA14A,EB37A",2,1.919624924659729,1.164679765701294,SKEMPI2
1LFD,"YA18F,EB37A",2,1.2470759153366089,0.8490733504295349,SKEMPI2
1LFD,"YA18A,EB37A",2,3.4585320949554443,1.5396286249160767,SKEMPI2
1LFD,"SA20A,EB37A",2,2.208296537399292,1.4289971590042114,SKEMPI2
1LFD,"YA18A,DB38A",2,4.708082675933838,0.9455622434616089,SKEMPI2
1LFD,"SA20A,DB38A",2,3.169999122619629,0.8414249420166016,SKEMPI2
1LFD,"KA39A,DB38A",2,5.862424373626709,1.7631666660308838,SKEMPI2
1LFD,"YA18A,SB39A",2,3.938493251800537,1.1661622524261475,SKEMPI2
1LFD,"KA35A,EB63A",2,0.28575387597084045,1.452460527420044,SKEMPI2
4G0N,"RB18N,WB8F",2,0.2876400649547577,0.9622218012809753,SKEMPI2
4G0N,"RB18N,IB35V,WB8F",3,-0.3632349669933319,0.3786897659301758,SKEMPI2
4G0N,"CA32Y,RB18N,SA116C",3,0.3667510151863098,0.10972502827644348,SKEMPI2
4G0N,"AB35V,AA21I",2,-0.29070067405700684,-1.9402470588684082,SKEMPI2
4G0N,"AA27H,AB35V",2,-0.19255085289478302,-1.2400412559509277,SKEMPI2
4G0N,"AA45V,AB11N",2,-0.0,-1.0014785528182983,SKEMPI2
4G0N,"FB8W,NB18R",2,-0.2876400649547577,-0.942989706993103,SKEMPI2
4G0N,"FB8W,NB18R,VB35I",3,0.3632349669933319,-0.24615852534770966,SKEMPI2
4G0N,"NB18R,AB32K",2,-1.2793906927108765,-2.5994958877563477,SKEMPI2
4G0N,"TA35A,NB18R",2,2.0998265743255615,0.437246173620224,SKEMPI2
4G0N,"TA35A,AB32K",2,2.57879900932312,-0.38018062710762024,SKEMPI2
4G0N,"TA35A,NB18R,AB32K",3,1.9676246643066406,-1.1895655393600464,SKEMPI2
4G0N,"YA32C,CA116S",2,0.7356554269790649,0.8444039821624756,SKEMPI2
4G0N,"YA32C,CA116S,NB18R",3,-0.3667510151863098,-0.1129627674818039,SKEMPI2
4G0N,"YA32C,CA116S,AB32K",3,-0.641829788684845,-0.9316929578781128,SKEMPI2
4G0N,"RB6A,NB11D",2,3.4212069511413574,2.1699843406677246,SKEMPI2
4G0N,"KB31A,RB36G",2,5.3586249351501465,1.7230138778686523,SKEMPI2
4G0N,"TB15A,IA21A",2,2.1297554969787598,1.7290936708450317,SKEMPI2
4G0N,"VB16A,IA21A",2,1.5513603687286377,2.2027029991149902,SKEMPI2
4G0N,"VB35A,IA21A",2,0.29070067405700684,2.1587347984313965,SKEMPI2
4G0N,"VB35A,HA27A",2,0.19255085289478302,1.4849801063537598,SKEMPI2
4G0N,"RB6A,EA31A",2,2.1297554969787598,1.3855020999908447,SKEMPI2
4G0N,"TB15A,EA31A",2,1.5513603687286377,1.382030963897705,SKEMPI2
4G0N,"KB31A,EA31A",2,2.0329933166503906,1.0348539352416992,SKEMPI2
4G0N,"RB6A,DA33A",2,2.5166070461273193,0.9597948789596558,SKEMPI2
4G0N,"KB31A,DA33A",2,2.6137888431549072,1.3314857482910156,SKEMPI2
4G0N,"RB6A,IA36A",2,4.257757186889648,2.798635721206665,SKEMPI2
4G0N,"TB15A,IA36A",2,3.000670909881592,1.7462283372879028,SKEMPI2
4G0N,"VB16A,IA36A",2,2.6137888431549072,1.4939210414886475,SKEMPI2
4G0N,"RB6A,EA37A",2,2.323566198348999,1.0571818351745605,SKEMPI2
4G0N,"TB15A,EA37A",2,2.8070836067199707,1.6951935291290283,SKEMPI2
4G0N,"VB16A,EA37A",2,2.7103421688079834,0.8844523429870605,SKEMPI2
4G0N,"KB31A,EA37A",2,3.38753080368042,2.5154175758361816,SKEMPI2
4G0N,"RB6A,DA38A",2,4.4514851570129395,1.7763392925262451,SKEMPI2
4G0N,"TB15A,DA38A",2,3.000670909881592,1.0780199766159058,SKEMPI2
4G0N,"QB13A,SA39A",2,2.0329933166503906,1.5594813823699951,SKEMPI2
4G0N,"RB14A,SA39A",2,2.226851224899292,0.9728153944015503,SKEMPI2
4G0N,"TB15A,SA39A",2,1.9372704029083252,1.146904706954956,SKEMPI2
4G0N,"NB11A,RA41A",2,-0.5806019902229309,1.403118371963501,SKEMPI2
4G0N,"QB13A,RA41A",2,1.2585135698318481,0.7822781801223755,SKEMPI2
4G0N,"NB11A,VA45A",2,0.0,1.0251920223236084,SKEMPI2
4G0N,"QB13A,VA45A",2,1.5513603687286377,1.7489902973175049,SKEMPI2
4G0N,"RB14A,VA45A",2,1.7429593801498413,0.9768619537353516,SKEMPI2
4G0N,"TB15A,VA45A",2,1.0649688243865967,0.8714562058448792,SKEMPI2
1B2S,"AA27K,AD43T",2,-5.7239251136779785,-5.515222072601318,SKEMPI2
3HFM,"NH32D,MY97K",2,-0.3026396632194519,-0.8364685773849487,SKEMPI2
3HFM,"NL31A,KY96A",2,7.471730709075928,3.2494351863861084,SKEMPI2
3HFM,"YL50A,RY21A",2,6.369324207305908,4.465506076812744,SKEMPI2
3HFM,"YL50F,RY21A",2,4.3327317237854,2.5382442474365234,SKEMPI2
3HFM,"YL50F,YY20A",2,6.226447105407715,1.2542592287063599,SKEMPI2
3HFM,"YL50A,KY96A",2,7.733495235443115,4.608713626861572,SKEMPI2
3HFM,"YL50A,KY97A",2,7.32283878326416,4.5994110107421875,SKEMPI2
3HFM,"YH33A,KY97A",2,7.231512069702148,3.8162760734558105,SKEMPI2
3HFM,"WH98F,YY20A",2,6.231808662414551,2.376035690307617,SKEMPI2
3HFM,"WH98A,KY96A",2,7.733495235443115,4.906999111175537,SKEMPI2
3HFM,"DH32A,KY97A",2,4.594496726989746,1.546148657798767,SKEMPI2
3HFM,"DH32N,KY97A",2,4.893741130828857,1.1769977807998657,SKEMPI2
3HFM,"DH32A,KY97M",2,1.1239525079727173,0.7018591165542603,SKEMPI2
3HFM,"DH32N,KY97M",2,0.3026396632194519,0.7862829566001892,SKEMPI2
3HFM,"YH50A,RY21A",2,7.944808006286621,2.8441638946533203,SKEMPI2
3HFM,"YL96A,RY21A",2,5.759324073791504,3.053088665008545,SKEMPI2
3HFM,"YL96F,RY21A",2,4.183840274810791,3.058070182800293,SKEMPI2
5CYK,"EB52R,EB47D",2,-2.3153111934661865,-0.019971629604697227,SKEMPI2
5CYK,"EB52R,TB50Q",2,-2.617950916290283,0.009004512801766396,SKEMPI2
5CYK,"EB52R,VB54W",2,-2.1159675121307373,-2.3023998737335205,SKEMPI2
3EG5,"TB73N,SB74N,HB75N",3,1.0535789728164673,-0.35550469160079956,SKEMPI2
2NOJ,"RB24A,NB31A",2,0.7486768364906311,3.039384603500366,SKEMPI2
3PWP,"VC9I,LC2G",2,0.38579463958740234,1.0158458948135376,SKEMPI2
3PWP,"GC2L,IC9V",2,-0.38579463958740234,-0.28940579295158386,SKEMPI2
3QDJ,"DD26W,LE95W",2,-2.5309700965881348,-1.435166835784912,SKEMPI2
3QDJ,"DD26Y,LE95W",2,-1.9139586687088013,-3.142099142074585,SKEMPI2
5TAR,"TA183A,KA184E",2,2.730912446975708,0.596129298210144,SKEMPI2
2G2U,"AB143Y,AB112W",2,0.40960875153541565,-4.187166690826416,SKEMPI2
2G2U,"MB73E,AB74K",2,-0.4730774760246277,-2.882145643234253,SKEMPI2
2G2U,"MB73E,AB142F",2,-0.3220660388469696,-1.2701938152313232,SKEMPI2
2G2U,"EB73A,YB50A",2,-2.452514886856079,-0.5846952795982361,SKEMPI2
2G2U,"YB50A,YB143A",2,-2.0757222175598145,2.8585610389709473,SKEMPI2
2G2U,"EB73A,YB143A",2,-1.8355034589767456,3.4106192588806152,SKEMPI2
2G2U,"WB112A,YB143A",2,-0.40960875153541565,3.735522747039795,SKEMPI2
2G2U,"WB150A,YB143A",2,0.9891233444213867,4.8397016525268555,SKEMPI2
2G2U,"EB73M,FB142W,YB143F",3,-1.1080924272537231,0.3201856315135956,SKEMPI2
2G2U,"EB73M,YB143F",2,-1.5924550294876099,0.45562535524368286,SKEMPI2
2G2U,"EB73M,SB130K",2,-2.809424638748169,-0.06724920123815536,SKEMPI2
2G2U,"EB73M,SB130K,SB146M",3,-3.5096993446350098,0.0785590410232544,SKEMPI2
2G2U,"EB73M,KB74A",2,0.4730774760246277,2.9236412048339844,SKEMPI2
2G2U,"EB73M,FB142A",2,0.3220660388469696,1.118139624595642,SKEMPI2
2G2U,"EB73M,KB74A,FB142A",3,1.4830588102340698,3.6492855548858643,SKEMPI2
2G2U,"DA79A,EB73M",2,-2.1472480297088623,1.4049619436264038,SKEMPI2
2G2U,"DA79A,EB73M,KB74A",3,-1.5569682121276855,1.5697664022445679,SKEMPI2
2G2U,"DA79A,EB73M,FB142A",3,-0.6917499899864197,0.8876703977584839,SKEMPI2
4GNK,"DA281P,AA279D",2,-0.1213308572769165,-0.08894398808479309,SKEMPI2
4GNK,"DA279A,PA281D",2,0.1213308572769165,0.16147452592849731,SKEMPI2
4GNK,"KA294A,LB764A",2,-1.5528396368026733,0.8994160294532776,SKEMPI2
4GNK,"LB764A,DA279A,PA281D",3,-1.7232774496078491,0.21659016609191895,SKEMPI2
4NKQ,"AB82Y,AB81N,AB80R",3,0.33154547214508057,-1.0179916620254517,SKEMPI2
4NKQ,"AB89K,AB87D,AB88T",3,-0.3535848557949066,-1.5530810356140137,SKEMPI2
4NKQ,"DB80R,KC99D",2,-0.1764526069164276,1.5576019287109375,SKEMPI2
4NKQ,"AB179I,AB180L",2,-0.2402186095714569,-1.0005738735198975,SKEMPI2
4NKQ,"LB77A,TB78A,SB79A",3,0.11002849042415619,1.332054853439331,SKEMPI2
4NKQ,"AB79S,AB77L,AB78T",3,-0.11002849042415619,-1.7797068357467651,SKEMPI2
4NKQ,"RB80A,NB81A,YB82A",3,-0.33154547214508057,0.9913949370384216,SKEMPI2
4NKQ,"DB87A,TB88A,KB89A",3,0.3535848557949066,1.8295141458511353,SKEMPI2
4NKQ,"KB90A,IB91A,EB92A",3,-0.7013269662857056,1.3620400428771973,SKEMPI2
4NKQ,"YB119A,YB124A",2,-0.6271737813949585,3.0463860034942627,SKEMPI2
4NKQ,"RB80D,KB90D",2,1.3137191534042358,1.6868681907653809,SKEMPI2
4NKQ,"DC99K,RB80D",2,0.1764526069164276,-1.6048128604888916,SKEMPI2
4NKQ,"DC99K,DB87R",2,0.8152363896369934,-0.8689321875572205,SKEMPI2
4NKQ,"DC99K,KB90D",2,-0.5019832849502563,0.3836840093135834,SKEMPI2
4NKQ,"DC99K,RB80D,KB90D",3,0.5355589389801025,0.13057012856006622,SKEMPI2
4NKQ,"DB176A,VB177A",2,1.907029390335083,0.06343988329172134,SKEMPI2
4NKQ,"DB176Q,VB177Q",2,1.958085536956787,0.09872937947511673,SKEMPI2
4NKQ,"IB179A,LB180A",2,0.2402186095714569,0.2604196071624756,SKEMPI2
4NKQ,"IB179Q,LB180Q",2,1.0615314245224,0.5292863845825195,SKEMPI2
1A4Y,"QA430A,VA432A",2,0.07221386581659317,1.2856345176696777,SKEMPI2
1A4Y,"AA432V,AA430Q",2,-0.07221386581659317,-1.0875135660171509,SKEMPI2
1A4Y,"WA438A,SA439A,EA440A",3,1.7856985330581665,1.4284321069717407,SKEMPI2
1A4Y,"YA434A,DA435A",2,6.820855617523193,5.424650192260742,SKEMPI2
1A4Y,"YA434A,YA437A",2,6.645332336425781,4.463290691375732,SKEMPI2
1A4Y,"RB5A,YA434A",2,6.9797892570495605,4.650481700897217,SKEMPI2
1A4Y,"RB5A,DA435A",2,6.773434162139893,2.075287342071533,SKEMPI2
1A4Y,"RB5A,YA434A,DA435A",3,10.1070556640625,4.777472019195557,SKEMPI2
1A4Y,"RB5A,YA434A,YA437A",3,8.531571388244629,4.686644077301025,SKEMPI2
1A4Y,"KB40G,YA434F",2,6.665417194366455,1.360632061958313,SKEMPI2
1A4Y,"KB40G,DA435A",2,4.107512950897217,2.0607662200927734,SKEMPI2
1A4Y,"KB40G,YA437A",2,6.454104423522949,2.2610628604888916,SKEMPI2
1A4Y,"KB40G,YA434A,DA435A",3,6.21388578414917,4.040966510772705,SKEMPI2
1A4Y,"KB40G,YA434A,YA437A",3,9.123151779174805,3.8922481536865234,SKEMPI2
4JFE,"AC4G,TC7A",2,-0.08859036862850189,1.16608726978302,SKEMPI2
4JFE,"AC6G,IC7A",2,-0.16564060747623444,0.8171992897987366,SKEMPI2
4JFE,"AC8L,IC7A",2,0.23073917627334595,0.1449979543685913,SKEMPI2
4JFE,"AC9T,IC7A",2,-0.10482294857501984,-0.41666457056999207,SKEMPI2
4JFE,"AC7I,EC1A",2,0.8932133316993713,0.21370643377304077,SKEMPI2
4JFE,"AC7I,GC4A",2,0.08859036862850189,-0.003963759168982506,SKEMPI2
4JFE,"AC7I,GC6A",2,0.16564060747623444,-0.6868250966072083,SKEMPI2
4JFE,"AC7I,LC8A",2,-0.23073917627334595,-0.11656425148248672,SKEMPI2
4JFE,"AC7I,TC9A",2,0.10482294857501984,0.3634599447250366,SKEMPI2
1PPF,"II23L,VI21R",2,0.2930837571620941,-1.251564860343933,SKEMPI2
1PPF,"YI15A,DI14P,SI13K",3,0.12497672438621521,1.9636259078979492,SKEMPI2
1PPF,"AI15R,LI18R",2,7.327796459197998,4.070093154907227,SKEMPI2
1PPF,"EI10D,RI21M,EI43D",3,-0.7596147656440735,1.3247588872909546,SKEMPI2
1PPF,"AI15D,GI32A",2,1.159019112586975,0.720539391040802,SKEMPI2
1PPF,"RI21V,LI23I",2,-0.2930837571620941,2.278599977493286,SKEMPI2
1PPF,"LI18M,NI36D,SI51N",3,-0.8585862517356873,1.9403187036514282,SKEMPI2
1PPF,"AI15T,LI18M",2,-1.4927713871002197,2.0964856147766113,SKEMPI2
1PPF,"LI18M,TI30S,GI32D",3,4.176570892333984,4.66492223739624,SKEMPI2
1PPF,"LI18I,GI32D",2,2.5231902599334717,5.444769382476807,SKEMPI2
1PPF,"AI15D,LI18A,YI20D",3,8.737914085388184,8.40308952331543,SKEMPI2
1PPF,"LI18M,HI52R",2,1.4817438125610352,1.7392579317092896,SKEMPI2
1PPF,"LI18M,SI51N",2,1.25759756565094,1.9669296741485596,SKEMPI2
1PPF,"LI18M,YI20Q",2,5.8396077156066895,6.018662929534912,SKEMPI2
1PPF,"LI18M,GI32D",2,3.9859397411346436,3.591480255126953,SKEMPI2
1PPF,"AI15V,TI17S",2,1.7657266855239868,0.9864291548728943,SKEMPI2
1PPF,"KI13T,PI14E,AI15Y",3,-0.7559911608695984,-2.16058087348938,SKEMPI2
1PPF,"KI13S,PI14D,AI15Y",3,-0.12497672438621521,-1.9607975482940674,SKEMPI2
3QDG,"DD26W,LE95W",2,-3.354782819747925,-1.929299235343933,SKEMPI2
3QDG,"DD26Y,LE95W",2,-3.5434513092041016,-3.5450081825256348,SKEMPI2
3SGB,"MI15R,DI37E,DI4E",3,-0.07745373249053955,0.1821674108505249,SKEMPI2
3SGB,"MI12L,TI49K,NI43T",3,-0.27762654423713684,0.18822833895683289,SKEMPI2
3SGB,"II17L,VI15R",2,-0.1687806099653244,0.050224654376506805,SKEMPI2
3SGB,"MI12L,TI9A",2,-0.47637805342674255,1.2449742555618286,SKEMPI2
3SGB,"MI12L,RI46H,EI49K",3,0.11668532341718674,0.34693875908851624,SKEMPI2
3SGB,"MI12L,NI45S",2,-0.45373380184173584,0.07417755573987961,SKEMPI2
3SGB,"TI11K,LI12R",2,5.307282447814941,5.281663417816162,SKEMPI2
3SGB,"TI11R,LI12R",2,5.55207633972168,5.468945026397705,SKEMPI2
3SGB,"AI9R,LI12R",2,5.156419277191162,5.0697407722473145,SKEMPI2
3SGB,"AI9R,TI11K,LI12R",3,6.780235290527344,6.056271076202393,SKEMPI2
3SGB,"AI9R,TI11P,LI12R",3,8.58305835723877,5.462541103363037,SKEMPI2
3SGB,"EI4D,RI15M,EI37D",3,0.07745373249053955,0.13604551553726196,SKEMPI2
3SGB,"LI12M,TI43N,KI49T",3,0.27762654423713684,-0.242418110370636,SKEMPI2
3SGB,"NI22S,GI26A",2,1.3301128149032593,1.671494960784912,SKEMPI2
3SGB,"AI9D,GI26A",2,1.0810645818710327,1.1867820024490356,SKEMPI2
3SGB,"AI9D,GI26A,NI27S",3,2.1838266849517822,1.293064832687378,SKEMPI2
3SGB,"TI11M,LI12S,GI26V",3,6.909813404083252,4.657684803009033,SKEMPI2
3SGB,"RI15V,LI17I",2,0.1687806099653244,-0.07886402308940887,SKEMPI2
3SGB,"LI12S,RI15V,LI17I",3,4.481256008148193,2.9774231910705566,SKEMPI2
3SGB,"LI12M,NI30D,SI45N",3,1.0968642234802246,-0.44671911001205444,SKEMPI2
3SGB,"AI9T,LI12M",2,0.47637805342674255,-1.280275583267212,SKEMPI2
3SGB,"LI12M,TI24S,GI26D",3,2.3268814086914062,2.481322765350342,SKEMPI2
3SGB,"LI12I,GI26D",2,5.8454270362854,3.604887008666992,SKEMPI2
3SGB,"AI9D,LI12A,YI14D",3,5.768519878387451,5.118939399719238,SKEMPI2
3SGB,"LI12M,HI46R",2,0.5010368824005127,-0.004204072058200836,SKEMPI2
3SGB,"LI12M,HI46R,KI49E",3,-0.11668532341718674,-0.2767704725265503,SKEMPI2
3SGB,"LI12M,SI45N",2,0.45373380184173584,-0.03629513829946518,SKEMPI2
3SGB,"LI12M,YI14Q",2,3.776484251022339,2.9256508350372314,SKEMPI2
3SGB,"LI12M,GI26D",2,2.275153636932373,2.1552188396453857,SKEMPI2
3SGB,"AI9D,LI12A",2,2.6196630001068115,3.08910870552063,SKEMPI2
3SGB,"TI11P,LI12K,GI26D",3,6.543062686920166,4.763818264007568,SKEMPI2
3SGB,"TI11P,LI12K",2,6.320304870605469,4.298889636993408,SKEMPI2
3SGB,"AI9V,TI11S",2,1.6076903343200684,0.47129788994789124,SKEMPI2
3SGB,"KI7T,PI8E,AI9Y",3,-3.8578996658325195,-1.0395615100860596,SKEMPI2
3SGB,"KI7S,PI8D,AI9Y",3,-4.137707710266113,-0.769501805305481,SKEMPI2
2C5D,"RC101G,SC6G",2,-0.034860171377658844,-0.46786388754844666,SKEMPI2
2C5D,"AB207F,AA207F",2,-0.19934363663196564,-2.163815498352051,SKEMPI2
2C5D,"RD28Q,RC28Q",2,-0.09132687747478485,1.227660894393921,SKEMPI2
2C5D,"RC30E,RD30E",2,-0.3026396632194519,0.21527305245399475,SKEMPI2
2C5D,"RC96Q,RD96Q",2,-0.3026396632194519,0.0016770213842391968,SKEMPI2
2C5D,"EC105L,ED105L",2,-0.2402186095714569,-2.6504955291748047,SKEMPI2
2C5D,"GC6S,DC61G",2,-0.5295441746711731,-0.6725409626960754,SKEMPI2
2C5D,"GC6S,VC66A",2,-0.8469958901405334,-0.8308916091918945,SKEMPI2
2C5D,"GC6S,GC101R",2,0.034860171377658844,0.21126139163970947,SKEMPI2
2C5D,"DC61G,GC101R",2,-0.5610889792442322,-0.4270094931125641,SKEMPI2
2C5D,"VC66A,GC101R",2,-0.6562855839729309,-0.5876513719558716,SKEMPI2
2C5D,"DC61G,VC66A",2,-1.040370225906372,-0.8436123132705688,SKEMPI2
2C5D,"DC61G,VC66A,GC101R",3,-0.8699324131011963,-1.0564364194869995,SKEMPI2
2C5D,"GC6S,VC66A,GC101R",3,-0.7966970801353455,-0.27977386116981506,SKEMPI2
2C5D,"GC6S,DC61G,GC101R",3,-0.551903486251831,-0.08245290070772171,SKEMPI2
2C5D,"GC6S,DC61G,VC66R",3,-1.2355707883834839,-1.5514965057373047,SKEMPI2
2C5D,"EC33R,TC51R",2,6.113513946533203,-1.3100383281707764,SKEMPI2
2C5D,"TA26D,TB26D",2,0.7250281572341919,0.7259880304336548,SKEMPI2
2C5D,"RA32E,RB32E",2,1.7124065160751343,-0.801616907119751,SKEMPI2
2C5D,"KA34E,KB34E",2,1.9482202529907227,-0.153619647026062,SKEMPI2
2C5D,"AA126V,AB126V",2,0.7588918209075928,-2.3383116722106934,SKEMPI2
2C5D,"FA207A,FB207A",2,0.19934363663196564,1.8758141994476318,SKEMPI2
2C5D,"QC28R,QD28R",2,0.09132687747478485,-1.0175120830535889,SKEMPI2
2C5D,"EC30R,ED30R",2,0.3026396632194519,-0.006279386579990387,SKEMPI2
2C5D,"EC33R,ED33R",2,1.654841661453247,-1.3048244714736938,SKEMPI2
2C5D,"TC51R,TD51R",2,2.339020252227783,-0.6606862545013428,SKEMPI2
2C5D,"QC96R,QD96R",2,0.3026396632194519,-0.08440360426902771,SKEMPI2
2C5D,"LC105E,LD105E",2,0.2402186095714569,2.6714608669281006,SKEMPI2
2C5D,"KC178E,KD178E",2,0.7422019243240356,1.738632321357727,SKEMPI2
2C5D,"TC182E,TD182E",2,0.7422019243240356,0.39097681641578674,SKEMPI2
2C5D,"FA209A,FB209A",2,1.0615314245224,2.4158542156219482,SKEMPI2
2C5D,"WA238F,WB238F",2,0.9824205040931702,0.25877588987350464,SKEMPI2
2C5D,"LA324A,LB324A",2,2.0344724655151367,1.4141312837600708,SKEMPI2
2C5D,"YA364A,YB364A",2,0.9824205040931702,1.6142618656158447,SKEMPI2
3VR6,"AB481R,AC471R,AA476R",3,0.27845457196235657,-1.741665005683899,SKEMPI2
3VR6,"EE347R,ED347R,EF350R",3,-0.2876400649547577,0.23206287622451782,SKEMPI2
3VR6,"RG134A,RG135A",2,1.4000883102416992,1.4074662923812866,SKEMPI2
3VR6,"RA476A,RB481A,RC471A",3,-0.27845457196235657,2.1419074535369873,SKEMPI2
3VR6,"VD385A,VE385A,VF388A",3,0.6982964873313904,0.6789580583572388,SKEMPI2
3VR6,"LD386A,LE386A,LF389A",3,1.136772632598877,2.421694278717041,SKEMPI2
3VR6,"RD347E,RE347E,RF350E",3,0.2876400649547577,0.044263772666454315,SKEMPI2
3VR6,"RD347K,RE347K,RF350K",3,1.2131596803665161,-1.1746188402175903,SKEMPI2
3UIH,"KA58Y,HA76W",2,-1.0724024772644043,-0.46254491806030273,SKEMPI2
4J2L,"EA118L,AA23V",2,-0.43684640526771545,-0.5306046605110168,SKEMPI2
4J2L,"VA23A,SA34D",2,2.2666831016540527,-0.6775095462799072,SKEMPI2
4J2L,"VA23A,LA118E",2,0.43684640526771545,0.4194011390209198,SKEMPI2
4J2L,"SA34D,LA118E",2,0.6970077157020569,-0.41778284311294556,SKEMPI2
2WPT,"AB79F,AA30D",2,0.13220183551311493,-4.096612930297852,SKEMPI2
2WPT,"AB79F,AA30D",2,0.16468580067157745,-3.9761712551116943,SKEMPI2
2WPT,"AA31N,AB77S",2,0.43725475668907166,-0.2846338450908661,SKEMPI2
2WPT,"NA31V,RA35T",2,-2.5882933139801025,-0.4375373423099518,SKEMPI2
2WPT,"DA30L,NA31V,RA35T",3,-6.336045742034912,-0.7855713367462158,SKEMPI2
2WPT,"NA31V,RA35T,RA39E",3,-3.232964515686035,-0.19058963656425476,SKEMPI2
2WPT,"FB79A,DA30A",2,-0.13220183551311493,4.290826797485352,SKEMPI2
2WPT,"FB79A,NA31A",2,1.3522019386291504,3.481752872467041,SKEMPI2
2WPT,"FB79A,VA34A",2,3.112752914428711,3.8408923149108887,SKEMPI2
2WPT,"DA30A,FB79A",2,-0.16468580067157745,3.763374090194702,SKEMPI2
2WPT,"SB77A,NA31A",2,-0.43725475668907166,0.5962488651275635,SKEMPI2
1B41,"IB9T,VB8T",2,-0.39468640089035034,-0.47566547989845276,SKEMPI2
1B41,"TB8V,TB9I",2,0.39468640089035034,0.5804668664932251,SKEMPI2
1B41,"TB8V,TB9N",2,2.427799701690674,0.5108046531677246,SKEMPI2
3KUD,"CA32Y,RB16N,SA118C",3,0.03591717779636383,-0.5797927379608154,SKEMPI2
3KUD,"KB30A,FB6W",2,2.167797565460205,2.073227882385254,SKEMPI2
3KUD,"KB30A,VB33I",2,2.7589051723480225,1.7271519899368286,SKEMPI2
3KUD,"KB30A,NB16R",2,0.7665860652923584,1.2261017560958862,SKEMPI2
3KUD,"KB30A,FB6W,NB16R",3,1.205237627029419,0.9723492860794067,SKEMPI2
3KUD,"KB30A,TA35A",2,3.0406603813171387,3.8950464725494385,SKEMPI2
3KUD,"KB30A,TA35A,NB16R",3,1.5169224739074707,3.1119515895843506,SKEMPI2
3KUD,"TA35A,NB16R",2,1.4893616437911987,2.760753631591797,SKEMPI2
3KUD,"KB30A,YA32C,CA118S",3,2.8970348834991455,2.2101643085479736,SKEMPI2
3KUD,"YA32C,CA118S",2,0.9101451635360718,0.6144070625305176,SKEMPI2
3KUD,"YA32C,CA118S,NB16R",3,-0.03591717779636383,0.634737491607666,SKEMPI2
1OHZ,"AB11S,AB12T",2,-0.07970309257507324,-0.16984081268310547,SKEMPI2
1OHZ,"AB46T,AB45S",2,-0.07970309257507324,-1.1622487306594849,SKEMPI2
1OHZ,"SB11A,TB12A",2,0.07970309257507324,0.25747233629226685,SKEMPI2
1OHZ,"SB45A,TB46A",2,0.07970309257507324,0.5909562110900879,SKEMPI2
1OHZ,"SB11Q,SB45Q",2,2.185483932495117,0.27612072229385376,SKEMPI2
1OHZ,"SB11L,TB12L,SB45Q",3,3.0067968368530273,0.276887446641922,SKEMPI2
3D3V,"EE30A,YC8A",2,3.9009265899658203,3.325103998184204,SKEMPI2
3D3V,"EE30A,YC8F",2,2.573496103286743,1.8163425922393799,SKEMPI2
3D3V,"LE97A,YC8A",2,4.390338897705078,4.658711910247803,SKEMPI2
4RS1,"AB148S,AB147T,AB146L",3,0.2159343957901001,-0.9155941009521484,SKEMPI2
4RS1,"RB47A,EB48A,HB52A",3,-0.5465883016586304,1.6183758974075317,SKEMPI2
4RS1,"LB146A,TB147A,SB148A",3,-0.2159343957901001,0.66966712474823,SKEMPI2
4RS1,"YB201A,YB206A",2,0.7209311723709106,1.9313359260559082,SKEMPI2
4RS1,"LA95A,FA99A",2,4.122901916503906,1.7788680791854858,SKEMPI2
4RS1,"EA25K,DA28K",2,4.122901916503906,-0.3190481960773468,SKEMPI2
4RS1,"EA25K,DA92K",2,4.122901916503906,0.16766172647476196,SKEMPI2
4RS1,"DA28K,DA92K",2,4.122901916503906,-0.3481018841266632,SKEMPI2
3IDX,"AG247M,CG245G,CG41T",3,-0.40963760018348694,0.006222762167453766,SKEMPI2
3IDX,"CG27I,CG242Q,MG247A",3,-2.174590826034546,0.3944135308265686,SKEMPI2
3IDX,"CG27I,CG242Q",2,-2.46614146232605,0.43117615580558777,SKEMPI2
3IDX,"TG41C,GG245C,MG247A",3,0.40963760018348694,-0.2184690237045288,SKEMPI2
