complex,mutstr,num_muts,ddG,ddG_pred
1E50,"AA52D,AA53E",2,-0.3910408318042755,-0.9835434556007385
1E50,"DA52A,EA53A",2,0.3910408318042755,0.7174680829048157
4UYP,"ND16I,ID15S",2,0.2552182078361511,-0.061689592897892
4UYP,"SD15I,ID16N",2,-0.2552182078361511,0.14237721264362335
4UYP,"ID51S,ID16N",2,1.9741711616516113,0.6773970723152161
4UYP,"ND52I,SD15I",2,3.8372950553894043,0.22818152606487274
4YFD,"QA207E,QA210E,EA209R",3,-0.17261195182800293,-0.1713232547044754
4YFD,"EA207Q,RA209E,EA210Q",3,0.17261195182800293,-0.07618451118469238
4JPK,"DA159N,DA33N",2,0.6192452907562256,-0.09751340746879578
1BJ1,"KH74T,IH72L",2,-0.07655175030231476,0.48058703541755676
1BJ1,"HH101Y,YH103R,SH105T",3,-1.1736482381820679,-0.39677363634109497
1BJ1,"HH101Y,SH105T",2,-1.3440860509872437,-0.7428632378578186
1BJ1,"HH101Y,YH103W,SH105T",3,-1.0414464473724365,-0.689744770526886
1BJ1,"TH28D,NH31H",2,-0.693211019039154,-0.17071694135665894
1BJ1,"LH72V,TH74V",2,0.6709600687026978,0.9916951060295105
1BJ1,"LH72I,TH74K",2,0.07655175030231476,-1.6359400749206543
1JTG,"AB49D,AA209S,AA217R",3,-0.4080484211444855,-1.7465713024139404
1JTG,"AA105S,AB49D",2,-0.35808926820755005,-0.5104600787162781
1JTG,"AA104M,AB50Y",2,-0.35808926820755005,-1.057381272315979
1JTG,"AB71S,AB113S",2,-0.45606809854507446,-0.31055939197540283
1JTG,"KB157Q,KB140T",2,0.396605521440506,-0.18405801057815552
1JTG,"GA212S,DB49A",2,2.6352171897888184,2.6085939407348633
1JTG,"GA212S,FB142A",2,3.681856870651245,1.0346826314926147
1JTG,"EA79K,DB49A",2,5.640436172485352,0.6970206499099731
1JTG,"EA79K,FB142A",2,4.554719924926758,-0.5098116993904114
1JTG,"SA209A,DB49A",2,1.6411057710647583,1.7979555130004883
1JTG,"SA105A,DB49A",2,1.384631872177124,0.510262668132782
1JTG,"SA209A,SA105A,DB49A",3,1.0941568613052368,0.7457955479621887
1JTG,"RA217A,DB49A",2,1.1116822957992554,2.860503673553467
1JTG,"KA208A,DB49A",2,1.5540213584899902,2.9599995613098145
1JTG,"RA217A,SA209A,DB49A",3,0.4080484211444855,2.5223100185394287
1JTG,"RA217A,SA105A,DB49A",3,1.2549387216567993,2.272843360900879
1JTG,"SA209A,KA208A,DB49A",3,1.5348256826400757,2.608745813369751
1JTG,"KA208A,SA105A,DB49A",3,1.3181935548782349,3.2522943019866943
1JTG,"RA217A,KA208A,DB49A",3,1.904421329498291,3.273667812347412
1JTG,"SA209A,SA105A",2,1.152734398841858,0.8718100190162659
1JTG,"RA217A,SA209A",2,0.7395939230918884,1.2120732069015503
1JTG,"RA217A,SA105A",2,1.8496946096420288,2.058929920196533
1JTG,"SA209A,KA208A",2,2.0937232971191406,2.1626579761505127
1JTG,"KA208A,SA105A",2,1.9795986413955688,3.0938539505004883
1JTG,"RA217A,SA209A,SA105A",3,1.6881089210510254,1.7924513816833496
1JTG,"SA209A,SA105A,KA208A",3,1.8496946096420288,2.5182595252990723
1JTG,"RA217A,KA208A",2,2.730074644088745,2.1642649173736572
1JTG,"RA217A,SA209A,KA208A",3,2.7169570922851562,1.9010748863220215
1JTG,"KA208A,SA105A,RA217A",3,2.5094218254089355,2.108534574508667
1JTG,"KB74A,FB142A",2,4.852370262145996,2.6510677337646484
1JTG,"KB74A,YB143A",2,3.0586442947387695,1.5155011415481567
1JTG,"FB142A,YB143A",2,2.843151092529297,1.3390583992004395
1JTG,"KB74A,FB142A,YB143A",3,3.8954012393951416,2.0392141342163086
1JTG,"KB74A,EA79A",2,1.5768485069274902,0.5375533699989319
1JTG,"FB142A,EA79A",2,2.7478888034820557,0.7740647196769714
1JTG,"YB143A,EA79A",2,1.8645553588867188,0.40343281626701355
1JTG,"KB74A,FB142A,EA79A",3,3.130239963531494,0.3602844476699829
1JTG,"KB74A,YB143A,EA79A",3,1.0506681203842163,0.9175258874893188
1JTG,"FB142A,YB143A,EA79A",3,2.8912806510925293,0.5587284564971924
1JTG,"KB74A,YA80A",2,3.322336435317993,1.991790771484375
1JTG,"FB142A,YA80A",2,0.6943662762641907,2.54248046875
1JTG,"YB143A,YA80A",2,1.0754432678222656,1.7896087169647217
1JTG,"KB74A,FB142A,YA80A",3,4.779135227203369,2.759176731109619
1JTG,"KB74A,YB143A,YA80A",3,3.3951475620269775,2.1482300758361816
1JTG,"FB142A,YB143A,YA80A",3,2.9869043827056885,1.5902254581451416
1JTG,"EA79A,YA80A",2,1.0270099639892578,0.404145210981369
1JTG,"KB74A,EA79A,YA80A",3,1.3861162662506104,0.8793789148330688
1JTG,"FB142A,EA79A,YA80A",3,1.5050040483474731,0.1296095997095108
1JTG,"YB143A,EA79A,YA80A",3,2.054677724838257,0.02745703235268593
1JTG,"DB49A,RA217A",2,1.0992237329483032,2.7823774814605713
1JTG,"KB74A,RA217A",2,6.62026834487915,1.9075521230697632
1JTG,"FB142A,RA217A",2,3.3951475620269775,2.2818336486816406
1JTG,"YB143A,RA217A",2,2.269850254058838,1.7556098699569702
1JTG,"KB74A,FB142A,RA217A",3,5.496315956115723,2.7844698429107666
1JTG,"KB74A,YB143A,RA217A",3,4.373137474060059,2.24623441696167
1JTG,"FB142A,YB143A,RA217A",3,4.542801380157471,2.6762566566467285
1JTG,"DB49A,KA208A",2,1.6006518602371216,4.569709300994873
1JTG,"KB74A,KA208A",2,6.548087120056152,2.021209239959717
1JTG,"FB142A,KA208A",2,3.3951475620269775,2.927238941192627
1JTG,"YB143A,KA208A",2,2.5566611289978027,1.9198181629180908
1JTG,"KB74A,FB142A,KA208A",3,5.830841064453125,3.549635171890259
1JTG,"KB74A,YB143A,KA208A",3,4.876004219055176,1.869224190711975
1JTG,"FB142A,YB143A,KA208A",3,4.68193244934082,3.1261749267578125
1JTG,"DB49A,SA105A",2,0.35808926820755005,0.283395379781723
1JTG,"KB74A,SA105A",2,3.1786303520202637,1.0823900699615479
1JTG,"FB142A,SA105A",2,2.843151092529297,2.101016044616699
1JTG,"YB143A,SA105A",2,1.7919657230377197,0.605192244052887
1JTG,"KB74A,FB142A,SA105A",3,5.161859035491943,1.6275742053985596
1JTG,"KB74A,YB143A,SA105A",3,3.7284178733825684,0.6970276236534119
1JTG,"FB142A,YB143A,SA105A",3,4.158278465270996,1.4207754135131836
1JTG,"QA74A,HB148A",2,3.2014195919036865,0.06644304096698761
1JTG,"QA74A,WB150A",2,3.8236682415008545,0.41779905557632446
1JTG,"QA74A,RB160A",2,3.7509472370147705,0.46165087819099426
1JTG,"NA75A,HB148A",2,2.102992057800293,0.6652030348777771
1JTG,"NA75A,WB150A",2,4.349467754364014,0.7145370244979858
1JTG,"NA75A,RB160A",2,1.5768485069274902,1.1844544410705566
1JTG,"EA143A,WB162A",2,2.077467203140259,2.284811496734619
1JTG,"VA78A,WB162A",2,4.229416370391846,2.410435914993286
1JTG,"MA104A,YB53A",2,3.6092748641967773,2.4925930500030518
1JTG,"MA104A,YB50A",2,0.35808926820755005,0.8622812032699585
1JTG,"MA104A,FB36A",2,3.631322145462036,0.7462588548660278
1JTG,"PA82A,HB41A",2,2.6529457569122314,0.08661293983459473
1JTG,"PA82A,YB50A",2,-0.6471605896949768,1.6895509958267212
1JTG,"PA82A,YB53A",2,2.3889827728271484,2.5524544715881348
1JTG,"VA190A,YB50A",2,-0.8855306506156921,1.1712875366210938
1JTG,"EA85A,SB113A,SB71A",3,5.042290210723877,0.8296509385108948
1JTG,"EA85A,SB113A",2,4.565590858459473,0.442996084690094
1JTG,"EA85A,SB71A",2,5.019353866577148,0.3284263610839844
1JTG,"SB71A,SB113A",2,0.45606809854507446,0.16151151061058044
1JTG,"EA79A,SB113A",2,1.8645553588867188,0.043672118335962296
1JTG,"QA74A,WB112A",2,3.537736654281616,0.46905872225761414
1JTG,"QA74A,WB162A",2,2.8912806510925293,1.5829792022705078
1JTG,"QA74A,KB74A",2,4.109651565551758,0.4299280643463135
1JTG,"QA74A,FB142A",2,2.819136619567871,1.8085918426513672
1JTG,"QA74A,DB49A",2,2.1983838081359863,1.2490243911743164
1JTG,"NA75A,WB112A",2,2.795217752456665,1.023498773574829
1JTG,"NA75A,WB162A",2,2.102992057800293,3.2163102626800537
1JTG,"NA75A,KB74A",2,3.5118329524993896,2.3075993061065674
1JTG,"NA75A,FB142A",2,2.2936041355133057,3.230367660522461
1JTG,"NA75A,DB49A",2,1.5768485069274902,1.7284997701644897
1JTG,"VA78A,RB160A",2,4.349467754364014,0.7476624846458435
1JTG,"VA78A,FB142A",2,4.516676902770996,2.8915882110595703
1JTG,"EA143A,WB112A",2,2.795217752456665,1.34205961227417
1JTG,"EA143A,WB150A",2,4.109651565551758,1.4907649755477905
1JTG,"EA143A,RB160A",2,2.3189265727996826,2.034484386444092
1JTG,"EA143A,KB74A",2,4.0619282722473145,1.489166021347046
1JTG,"EA143A,FB142A",2,2.581045150756836,2.4002280235290527
1JTG,"EA143A,DB49A",2,1.5050040483474731,2.559807300567627
1JTG,"EA85A,YB50A",2,3.9671037197113037,0.7965165972709656
1JTG,"MA104A,SB113A,SB71A",3,1.6727427244186401,0.25522294640541077
1JTG,"VA190A,FB142A",2,2.1983838081359863,2.3083925247192383
1JTG,"EA79A,SB113A,SB71A",3,2.581045150756836,0.36146125197410583
1JTG,"TB140K,QB157K",2,-0.396605521440506,-0.008161727339029312
1JTG,"VB165K,DB163K,NB89K",3,-2.393420934677124,-0.5482377409934998
1JTG,"DB163K,DB135K,VB134K",3,-3.0551669597625732,-0.43576571345329285
1JTG,"EA85G,EA143G",2,-0.6100000739097595,0.1257711499929428
1JTG,"EA85V,EA143G",2,-0.7422019243240356,0.17691875994205475
1JTG,"EB73M,KB74A",2,4.294496059417725,-1.451056718826294
1JTG,"EB73M,FB142A",2,2.5326898097991943,-0.5102831125259399
1JTG,"EB73M,KB74A,FB142A",3,4.556260585784912,-0.371604859828949
1JTG,"EA79A,EB73M",2,1.8363221883773804,-0.6903699636459351
1JTG,"EA79A,EB73M,KB74A",3,2.0956978797912598,-1.5632580518722534
1JTG,"EA79A,EB73M,FB142A",3,2.8455445766448975,-1.5406131744384766
1JTG,"EB73A,YB50A",2,-1.496372938156128,-0.665342390537262
4GXU,"DA189E,DA224G",2,3.0115554332733154,-0.29231950640678406
1DVF,"EB98A,YD102A",2,4.635371685028076,5.167079925537109
1DVF,"DB54A,YC49A",2,4.4948835372924805,4.183123588562012
1DVF,"DB58A,QD104A",2,1.4648281335830688,1.5740633010864258
1DVF,"YA49A,ND55A",2,2.031278610229492,3.073289632797241
1DVF,"YA32A,RD106A",2,4.652670860290527,2.157008647918701
1DVF,"NB56A,QD104A",2,1.48753023147583,0.6913480162620544
1DVF,"WB52A,QD104A",2,4.164727210998535,1.8778882026672363
1DVF,"DB100A,HD33A",2,4.14997673034668,3.354511260986328
1DVF,"DB100A,DD52A",2,4.321657657623291,2.401893138885498
1DVF,"YA49A,HD33A",2,2.626220464706421,2.819986343383789
1DVF,"DB100A,ND55A",2,4.092513084411621,2.0739102363586426
1DVF,"NB56A,ND55A",2,2.3021233081817627,0.4508524239063263
1DVF,"NB56A,HD33A",2,2.527130603790283,0.7999083995819092
1AHW,"TC110A,KC111A",2,0.6391429305076599,0.16557396948337555
1AHW,"KC138A,DC139A",2,1.1820012331008911,0.009371880441904068
1AHW,"IC141Q,TC143I,YC145T",3,3.977485179901123,0.08351157605648041
1AHW,"KC154A,KC155A",2,-1.3303074836730957,0.5796275734901428
1AHW,"KC158A,NC160A,NC162A",3,4.074826717376709,1.3512606620788574
1AHW,"SC184A,RC185A",2,4.018360137939453,0.9816785454750061
1AHW,"RC189A,KC190A",2,4.018360137939453,1.1985688209533691
4B0M,"GA7T,AA8M",2,-0.4416569471359253,-2.494363784790039
4B0M,"PM98S,PM99A",2,2.0725505352020264,0.6696813702583313
4B0M,"YM9G,YM37A",2,2.2047524452209473,1.7135188579559326
4B0M,"TA7G,MA8A",2,0.4416569471359253,1.983574390411377
4UYQ,"IB51S,NB52I",2,0.04390541464090347,-0.6928380131721497
4UYQ,"SB51I,IB52N",2,-0.04390541464090347,0.4984491169452667
4UYQ,"IB15S,IB52N",2,2.185483932495117,2.426300048828125
4UYQ,"NB16I,SB51I",2,4.04860782623291,-0.48816728591918945
5E9D,"GD27E,TD90Q",2,-1.5506813526153564,0.15632827579975128
5E9D,"GD27E,VE49D",2,-1.2024459838867188,-0.5660716891288757
5E9D,"GD27E,AE98Y",2,-1.3104627132415771,-1.7793934345245361
5E9D,"TD90Q,AE98Y",2,-1.2722268104553223,-1.0222407579421997
5E9D,"GD27E,TD90Q,AE98Y",3,-2.475290298461914,-0.7533866763114929
1GC1,"AC63D,DC40Q",2,0.4992468059062958,-0.10190500319004059
1GC1,"QC40A,DC63A",2,-0.4992468059062958,0.1209111362695694
1GC1,"QC40A,DC63A,QC89L",3,-0.8482471108436584,-0.04064786061644554
4E6K,"EA81A,EB81A",2,2.5848121643066406,0.36955127120018005
4E6K,"LA68A,LB68A",2,2.6698973178863525,1.4578208923339844
4E6K,"EA85A,EB85A",2,3.0725746154785156,0.1619555652141571
1K8R,"KA31E,KA30D",2,-0.4096648693084717,0.6326262950897217
1K8R,"DA30K,EA31K",2,0.4096648693084717,-0.47704166173934937
3AAA,"KA248A,RA258A",2,4.7972846031188965,2.283508539199829
4KRP,"TA277D,AA279F",2,-0.358457088470459,-0.4416397213935852
4KRP,"DA277T,FA279A",2,0.358457088470459,0.7788707613945007
1SBB,"VB91Y,TB20L,YB26V",3,-0.13220183551311493,-1.4565680027008057
1SBB,"LB20T,VB26Y,YB91V",3,0.13220183551311493,0.9632718563079834
1CZ8,"ML4L,NH31H,TH28D",3,-0.45153138041496277,-1.0667238235473633
1CZ8,"LL4M,DH28T,HH31N",3,0.45153138041496277,2.0035195350646973
1CZ8,"LL4M,YH101H,TH105S",3,1.10240638256073,1.1579699516296387
1CZ8,"LL4M,YH54W",2,0.5915803909301758,-1.6597416400909424
3QIB,"KA67A,EB64A",2,1.5070480108261108,1.4022674560546875
3QIB,"YP6F,TP11S",2,1.2169697284698486,2.9529855251312256
3MZW,"TB18N,EB1N",2,-0.3843208849430084,0.40379229187965393
3MZW,"TB18N,AB1N",2,-0.34248337149620056,-0.3513815701007843
3MZW,"TB18N,SB49A",2,-0.09499531984329224,-0.2315463125705719
3MZW,"TB18N,AB28S",2,0.2150040864944458,-0.15177111327648163
3MZW,"TB18N,KB28S",2,0.2150040864944458,1.491361141204834
3MZW,"TB18N,EB32D",2,-0.21388307213783264,-0.05150812864303589
3MZW,"TB18N,AB42E",2,0.3380204439163208,-0.018390484154224396
3MZW,"TB46L,TB18N",2,0.17908690869808197,0.547105073928833
3MZW,"YB46L,TB18N",2,0.02633553557097912,0.7430523037910461
3MZW,"EB38N,TB18N,SB49A",3,-0.13733132183551788,0.9469648003578186
3MZW,"NB1E,NB18T",2,0.3843208849430084,0.6459553241729736
3MZW,"NB1A,NB18T",2,0.34248337149620056,0.7569287419319153
3MZW,"NB18T,AB49S",2,0.09499531984329224,-0.0773535668849945
3MZW,"NB18T,SB28A",2,-0.2150040864944458,0.14986160397529602
3MZW,"NB18T,SB28K",2,-0.2150040864944458,-1.352912187576294
3MZW,"NB18T,DB31A",2,0.7081217765808105,0.05290238559246063
3MZW,"NB18T,DB31K",2,1.2189477682113647,-1.2532978057861328
3MZW,"NB18T,DB32E",2,0.21388307213783264,0.6004367470741272
3MZW,"NB18T,EB42A",2,-0.3380204439163208,-0.06978325545787811
3MZW,"NB18T,LB46T",2,-0.17908690869808197,-0.044282421469688416
3MZW,"NB18T,LB46Y",2,-0.02633553557097912,-0.712065577507019
3MZW,"NB18T,NB38E,AB49S",3,0.13733132183551788,-0.8023695349693298
1DAN,"ST52C,ST44C",2,0.32587605714797974,-2.314964532852173
1DAN,"AU107K,AU110D",2,-0.042667556554079056,-1.0953609943389893
1DAN,"AU105N,AU106R",2,-0.3999813199043274,0.15247036516666412
1DAN,"AU103T,AU104V",2,0.14902915060520172,-0.10115599632263184
1DAN,"AU89E,AU90N",2,0.09357527643442154,-0.06526711583137512
1DAN,"AU79N,AU80E",2,0.02454584650695324,-1.3261220455169678
1DAN,"AU72K,AU71K",2,0.23973791301250458,-0.7036036252975464
1DAN,"AU59K,AU60D",2,0.10151255130767822,0.8989974856376648
1DAN,"AU47N,AU48N,AU46R",3,-0.206581249833107,-0.3079783618450165
1DAN,"AU40E,FU41R",2,0.021546082571148872,-2.217782735824585
1DAN,"AU24Q,AU27E",2,-0.03364985063672066,-0.7462521195411682
1DAN,"AU20Q,AU17N",2,-0.41449108719825745,-1.0745878219604492
1DAN,"AU15E,AU14L",2,0.4629063606262207,-1.0995988845825195
1DAN,"AT64Q,AT63K",2,0.20611460506916046,-0.6468230485916138
1DAN,"AT57E,AT56D",2,-0.3045600950717926,-0.3066178262233734
1DAN,"AT49D,AT51E",2,-0.433300644159317,-1.69999098777771
1DAN,"WT40R,ST42G",2,1.4816070795059204,0.6516640186309814
1DAN,"CT44S,CT52S",2,-0.32587605714797974,2.81341552734375
1DAN,"TT55A,FU50A",2,4.325087070465088,2.3809022903442383
1DAN,"TT55A,KT15A",2,3.0546562671661377,0.9889078140258789
1DAN,"DT39A,WT40A",2,1.5072107315063477,2.671661376953125
1DAN,"DT39A,FU50A",2,3.1733052730560303,2.3420913219451904
1DAN,"DT39A,KT15A",2,3.9962286949157715,2.9963884353637695
1DAN,"DT39A,DT53A",2,3.857964038848877,0.9217471480369568
1DAN,"DT39A,TT55A",2,4.159247875213623,1.510040044784546
1DAN,"DT39A,KT15A,FU50A",3,5.735138893127441,3.3546507358551025
1DAN,"KU107A,DU110A",2,0.042667556554079056,0.6475012898445129
1DAN,"NU105A,RU106A",2,0.3999813199043274,0.704063355922699
1DAN,"TU103A,VU104A",2,-0.14902915060520172,0.5691835284233093
1DAN,"SU101A,RU102A",2,0.6385655999183655,0.40411949157714844
1DAN,"EU89A,NU90A",2,-0.09357527643442154,-0.04692293703556061
1DAN,"NU79A,EU80A",2,-0.02454584650695324,0.3827463686466217
1DAN,"KU71A,KU72A",2,-0.23973791301250458,0.7331697344779968
1DAN,"KU59A,DU60A",2,-0.10151255130767822,-0.2635617256164551
1DAN,"RU46A,NU47A,NU48A",3,0.206581249833107,0.11948800086975098
1DAN,"EU40A,RU41F",2,-0.021546082571148872,1.4997634887695312
1DAN,"QU24A,EU27A",2,0.03364985063672066,0.6208822727203369
1DAN,"NU17A,QU20A",2,0.41449108719825745,1.971754550933838
1DAN,"LU14A,EU15A",2,-0.4629063606262207,1.098900556564331
1DAN,"KT63A,QT64A",2,-0.20611460506916046,0.5662346482276917
1DAN,"KT60A,DT61A",2,-0.5042316913604736,0.06115850806236267
1DAN,"DT56A,ET57A",2,0.3045600950717926,0.33041542768478394
1DAN,"DT49A,ET51A",2,0.433300644159317,1.1226179599761963
1DAN,"KT41A,KT43A",2,1.1358543634414673,1.777348279953003
1DAN,"KT36A,DT39A",2,1.5714305639266968,1.7857513427734375
1EFN,"TA13H,EA14H",2,0.9839035272598267,-0.36659425497055054
1N8Z,"SA30N,FA91H,WA92Y",3,0.07190047949552536,2.3990206718444824
1N8Z,"NA30S,HA91F,YA92W",3,-0.07190047949552536,-2.0118517875671387
5XCO,"DA13C,PB6A",2,2.4099628925323486,0.3279764950275421
5XCO,"DA13C,LB7A",2,2.7973828315734863,1.5831518173217773
5XCO,"DA13C,YB8A",2,2.618992567062378,3.099832773208618
5XCO,"DA13C,IB9A",2,2.7973828315734863,1.3894617557525635
5XCO,"DA13C,SB10A",2,2.4643545150756836,0.30599164962768555
5XCO,"DA13C,YB11A",2,2.7973828315734863,0.3799356520175934
5XCO,"DA13C,DB12A",2,2.7973828315734863,-0.020792745053768158
5XCO,"DA13C,PB13A",2,1.7475835084915161,-0.2693880498409271
5XCO,"DA13C,VB14A",2,0.8599647283554077,0.11795295029878616
5XCO,"DA13G,PB6A",2,2.4538683891296387,0.4274939298629761
5XCO,"DA13G,LB7A",2,2.7973828315734863,1.94582200050354
5XCO,"DA13G,YB8A",2,2.7415082454681396,2.998720645904541
5XCO,"DA13G,IB9A",2,2.7973828315734863,1.0652620792388916
5XCO,"DA13G,SB10A",2,2.791428565979004,0.43541380763053894
5XCO,"DA13G,YB11A",2,2.7973828315734863,0.6525975465774536
5XCO,"DA13G,DB12A",2,2.7973828315734863,0.2537659704685211
5XCO,"DA13G,PB13A",2,2.1223227977752686,-0.20730191469192505
5XCO,"DA13G,VB14A",2,1.3228204250335693,0.16395249962806702
4G2V,"RA198E,NA260R",2,2.2844555377960205,0.4038689434528351
4CVW,"LC34G,VC35D",2,7.745464324951172,0.34471723437309265
1FCC,"TC44A,YC45A",2,1.9544508457183838,1.3033910989761353
2VN5,"AB42S,FB43T",2,-0.25581035017967224,0.14560703933238983
2VN5,"AB42S,AA35T,FB43T",3,-0.3038233816623688,-2.0133535861968994
2VN5,"AB42S,FB43T,AA66S",3,0.08797912299633026,-0.6513104438781738
2VN5,"AB42S,FB43T,AA75S",3,-0.0,-0.5879830121994019
2VN5,"SB42A,TB43F",2,0.25581035017967224,0.0828777402639389
2VN5,"SB42A,TB43F,TA35A",3,0.3038233816623688,2.282758951187134
2VN5,"SB42A,TB43F,NA37A",3,1.1865808963775635,1.9217709302902222
2VN5,"SB42A,TB43F,YA39A",3,1.2559173107147217,1.267111897468567
2VN5,"SB42A,TB43F,SA66A",3,-0.08797912299633026,0.4148974120616913
2VN5,"SB42A,TB43F,SA75A",3,0.0,0.5278257131576538
2VN5,"SB42A,TB43F,LA77A",3,3.150730848312378,0.2854350209236145
2VN5,"SB42A,TB43F,LA79A",3,2.846151828765869,1.2852979898452759
2VN5,"SB42A,TB43F,NA81A",3,0.5928263664245605,0.8478325605392456
2VN5,"SB42A,TB43F,IA83A",3,0.9193722009658813,0.6238431930541992
2VN5,"SB42A,TB43F,MA125G",3,1.546341061592102,0.05807974934577942
2VN5,"SB42A,TB43F,KA127G",3,0.5062000751495361,0.30874642729759216
2VN5,"AB14S,LB15T",2,1.2761919498443604,-1.4236019849777222
2VN5,"SB42Q,TB43Q",2,0.9391224384307861,0.3169171214103699
2NY7,"IG27C,QG226C,AG231M",3,-0.20328329503536224,0.9323191046714783
2NY7,"IG27C,QG226C",2,-0.1998084932565689,0.16096985340118408
2NY7,"CG229G,AG231M",2,0.37896695733070374,-0.08944357186555862
2NY7,"CG27I,CG226Q,MG231A",3,0.20328329503536224,-0.1954265534877777
2NY7,"CG27I,CG226Q",2,0.1998084932565689,-0.1444600522518158
2NY7,"GG229C,MG231A",2,-0.37896695733070374,-0.1136336401104927
1MQ8,"CB32L,CB170F",2,3.681856870651245,-0.996890664100647
1MQ8,"CB32L,KB31C",2,0.6100000739097595,0.0066444650292396545
1MQ8,"CB170F,TB171C",2,0.6766378879547119,-0.1494770050048828
1FSS,"IB9T,VB8T",2,-0.4418452978134155,-2.0983898639678955
1FSS,"NB9T,VB8T",2,-0.28640708327293396,-3.1467068195343018
1FSS,"TB8V,TB9I",2,0.4418452978134155,2.429298162460327
1FSS,"TB8V,TB9N",2,0.28640708327293396,2.3483660221099854
4GU0,"LE20A,TE22A,RE26A",3,0.916396975517273,2.521239995956421
1WQJ,"RI35A,RI36A",2,1.02851140499115,-0.09659761935472488
3LZF,"EA187D,GA222D",2,-0.12744316458702087,0.5939038991928101
3LZF,"DA187E,DA222G",2,0.12744316458702087,-0.2872328460216522
1MAH,"YA69N,YA121Q",2,6.1327738761901855,0.14925804734230042
1MAH,"YA121Q,WA276R",2,8.959454536437988,1.5432019233703613
1MAH,"YA69N,WA276R",2,10.734281539916992,1.4557666778564453
1MAH,"YA69N,YA121Q,WA276R",3,10.92611026763916,1.161256194114685
4Y61,"AB222H,AB219F",2,-0.28917425870895386,-3.0164554119110107
4Y61,"FB219A,HB222A",2,0.28917425870895386,4.161386013031006
1TM1,"RI48A,RI46A",2,5.0519232749938965,0.8657467365264893
1TM1,"TI39A,EI41A",2,3.3903958797454834,2.7559287548065186
1TM1,"TI39D,EI41A",2,0.7541710138320923,3.186382532119751
1TM1,"EI41S,MI40R",2,3.549654960632324,3.2049667835235596
4WND,"RA201E,NA263R",2,3.8573801517486572,0.35049909353256226
1REW,"DB28H,DA28H",2,-0.1956523358821869,0.05863821506500244
1REW,"AA77S,AB77S",2,-0.2032642513513565,0.17388275265693665
1REW,"AA89L,AB89L",2,-0.2399224489927292,-0.17828190326690674
1REW,"DA23A,DB23A",2,-0.0,0.15804480016231537
1REW,"AB42D,AA42D",2,0.05195394158363342,-0.9040160775184631
1REW,"RB98E,RA98E",2,-0.26882827281951904,-0.37483346462249756
1REW,"DA19A,DB19A",2,0.6680910587310791,1.086506724357605
1REW,"WA20A,WB20A",2,1.087313175201416,2.085785388946533
1REW,"FA38A,FB38A",2,1.3641711473464966,2.922212600708008
1REW,"PA39A,PB39A",2,1.2945013046264648,1.4301053285598755
1REW,"HA28D,HB28D",2,0.1956523358821869,-0.2949264943599701
1REW,"SA77A,SB77A",2,0.2032642513513565,0.18924163281917572
1REW,"LA89A,LB89A",2,0.2399224489927292,0.24977616965770721
1REW,"AA23D,AB23D",2,0.0,-0.46861815452575684
1REW,"DA42A,DB42A",2,-0.05195394158363342,1.5770379304885864
1REW,"EA98R,EB98R",2,0.26882827281951904,0.28880131244659424
1REW,"WA17F,WB17F",2,0.6724210977554321,1.924837350845337
1REW,"LA40P,LB40P",2,5.307792663574219,-0.6585096716880798
1REW,"DA42P,DB42P",2,2.355921745300293,-0.20861594378948212
1REW,"SA58R,SB58R",2,1.6668107509613037,0.363908588886261
1REW,"YA92A,YB92A",2,1.2152793407440186,3.5438449382781982
4YH7,"QA207E,QA210E,EA209R",3,-0.038235973566770554,-0.5668289065361023
4YH7,"EA207Q,RA209E,EA210Q",3,0.038235973566770554,0.4719875454902649
3MZG,"AA167H,AB188H",2,0.2372637242078781,-4.985739231109619
3MZG,"HA167A,HB188A",2,-0.2372637242078781,4.440636157989502
2ABZ,"AE14C,AE38C",2,-0.5535333752632141,-1.1085971593856812
1C1Y,"KA31E,EA30D",2,-2.0150461196899414,0.2789952754974365
1C1Y,"RB5A,NB10D",2,2.7525272369384766,1.366677165031433
1C1Y,"KB30A,RB35G",2,2.6203253269195557,2.19295597076416
3NGB,"SH32C,AH102C",2,-0.2591139078140259,-1.3469794988632202
3NGB,"CH32S,CH102A",2,0.2591139078140259,1.616551399230957
1BP3,"DA56E,MA64R",2,-0.44551658630371094,-0.3823184370994568
1BP3,"AA64R,AA167D",2,-0.37862420082092285,-4.318653583526611
1BP3,"EA56D,RA64M",2,0.44551658630371094,0.47002676129341125
1BP3,"KA164A,EA170A",2,5.407962322235107,2.7244858741760254
1BP3,"RA64A,DA167A",2,0.37862420082092285,4.550648212432861
1BP3,"KA168A,FA172A",2,5.3548712730407715,3.252224922180176
1GUA,"DA30E,EA31K",2,2.0150461196899414,-0.22245070338249207
1GUA,"RB4A,EA37A",2,1.3008146286010742,3.143766403198242
1GUA,"VB14A,EA37A",2,1.7006744146347046,3.271418571472168
4L3E,"YD26D,WE95L",2,3.5434513092041016,3.2566308975219727
4L3E,"RA65A,YE48A",2,3.809299945831299,2.3964948654174805
4L3E,"RA65A,YD26A",2,4.440748691558838,2.8093090057373047
4L3E,"YD26A,RA65A",2,4.370967864990234,4.679368019104004
4L3E,"YD50A,QA155A",2,1.0905137062072754,1.9701720476150513
4L3E,"ND52A,EA166A",2,1.0916823148727417,2.964338541030884
4K71,"MA416V,AA418T",2,1.1963605880737305,-2.3518447875976562
4K71,"GA503R,AA545V",2,1.667994499206543,-2.6722826957702637
4K71,"MA416V,AA418T,GA503R",3,2.7775838375091553,-0.4766688048839569
4K71,"GA503E,AA545V",2,2.8493804931640625,-2.070723295211792
4K71,"MA416V,AA418T,AA545V",3,2.8541905879974365,-1.383678674697876
4K71,"MA416V,GA503E,AA545V",3,2.9276857376098633,-1.3131846189498901
4K71,"AA418T,GA503E,AA545V",3,3.1290411949157715,-3.3117527961730957
1VFB,"YA32A,QC121A",2,1.586751103401184,4.878541946411133
1VFB,"YA32A,IC124A",2,2.9070167541503906,4.990804672241211
1VFB,"YA50A,DC18A",2,1.2664908170700073,7.081402778625488
1VFB,"YA50A,DC119A",2,1.2319692373275757,6.051301002502441
1VFB,"WA92A,QC121A",2,3.520512104034424,4.806728363037109
1VFB,"WA92A,IC124A",2,3.852057695388794,5.284624099731445
1VFB,"WA92A,RC125A",2,3.3948090076446533,5.981698989868164
1VFB,"WA92A,LC129A",2,3.3088436126708984,5.5723066329956055
1VFB,"YB32A,KC116A",2,1.586751103401184,3.026533603668213
1VFB,"WB52A,DC119A",2,2.2483787536621094,4.237746715545654
1VFB,"DB54A,TC118A",2,1.2552056312561035,3.16398286819458
1VFB,"DB100A,SC24A",2,3.371264696121216,6.1176605224609375
1VFB,"YB101F,DC119A",2,2.737746477127075,1.2682431936264038
1VFB,"YB101F,VC120A",2,2.53961443901062,1.3406251668930054
3S9D,"QA47A,HA43A,EA44A",3,0.01742631569504738,-0.05772199481725693
3S9D,"YA43A,SA47A,NA44A",3,0.19081901013851166,0.3612487018108368
3S9D,"AA43H,AA44E,AA47Q",3,-0.01742631569504738,0.010125884786248207
3S9D,"AA43Y,AA44N,AA47S",3,-0.19081901013851166,-1.2677001953125
3S9D,"RA120A,EB66A",2,3.602473735809326,3.4599437713623047
3S9D,"TB33A,LA8A",2,3.5785608291625977,2.5230648517608643
3S9D,"TB33A,LA19A",2,3.3948090076446533,4.091941833496094
3S9D,"TB33A,FA20A",2,3.02142596244812,2.2014856338500977
3S9D,"TB33A,LA23A",2,5.96136999130249,1.7730413675308228
3S9D,"TB33A,RA115A",2,4.048243045806885,2.572190761566162
3S9D,"TB33A,AA116G",2,4.351393222808838,-1.252102255821228
3S9D,"TB33A,MA119A",2,4.463984966278076,5.412508487701416
3S9D,"TB33A,RA120A",2,5.268608093261719,2.7748618125915527
3S9D,"TB33A,SA123A",2,3.063263416290283,3.652076005935669
3S9D,"TB33A,LA124A",2,3.3123912811279297,1.8337284326553345
3S9D,"IB34A,RA115A",2,4.271187782287598,2.3506500720977783
3S9D,"IB34A,AA116G",2,4.474026679992676,-0.14914582669734955
3S9D,"IB34A,MA119A",2,4.23505163192749,5.698217391967773
3S9D,"IB34A,RA120A",2,5.001758098602295,3.5958032608032227
3S9D,"IB34A,SA123A",2,3.0067968368530273,3.6894659996032715
3S9D,"IB34A,LA124A",2,3.561387062072754,3.0755631923675537
3S9D,"WB87A,RA5A",2,2.3409221172332764,5.702065944671631
3S9D,"WB87A,LA8A",2,3.076577663421631,5.867547988891602
3S9D,"WB87A,MA119A",2,3.8463404178619385,6.247876167297363
3S9D,"WB87A,SA123A",2,2.7515785694122314,5.809029579162598
3S9D,"WB87A,LA124A",2,2.94437575340271,5.633928298950195
3S9D,"IB90A,LA8A",2,3.740473985671997,1.878008484840393
3S9D,"IB90A,LA19A",2,3.035702705383301,2.4430339336395264
3S9D,"IB90A,FA20A",2,2.8162739276885986,2.0076522827148438
3S9D,"IB90A,LA23A",2,5.4495320320129395,2.699737548828125
3S9D,"IB90A,RA115A",2,3.525470018386841,2.8951029777526855
3S9D,"IB90A,MA119A",2,4.035335063934326,4.972142219543457
3S9D,"IB90A,RA120A",2,4.908470153808594,2.9758496284484863
3S9D,"IB90A,SA123A",2,3.256808280944824,2.8622145652770996
3S9D,"IB90A,LA124A",2,3.3467459678649902,1.7484447956085205
3S9D,"DB91A,LA19A",2,2.94437575340271,1.6960783004760742
3S9D,"DB91A,FA20A",2,2.3848276138305664,1.7651424407958984
3S9D,"DB91A,RA115A",2,3.6723010540008545,1.9704046249389648
3S9D,"DB91A,SA123A",2,2.6789426803588867,2.0655999183654785
3S9D,"DB91A,LA124A",2,3.02142596244812,1.9790395498275757
3S9D,"MB35V,LA8A",2,4.42743444442749,2.2586913108825684
3S9D,"MB35V,LA19A",2,4.316718578338623,2.1657071113586426
3S9D,"MB35V,LA23A",2,7.11393928527832,1.3196043968200684
3S9D,"MB35V,RA115A",2,3.7050933837890625,4.027780055999756
3S9D,"MB35V,AA116G",2,5.300297737121582,-1.0914698839187622
3S9D,"MB35V,MA119A",2,5.456684589385986,5.700717926025391
3S9D,"MB35V,RA120A",2,6.066684722900391,4.397100448608398
3S9D,"MB35V,SA123A",2,4.0805439949035645,3.2797434329986572
3S9D,"MB35V,LA124A",2,4.533203125,1.5400149822235107
3S9D,"EB66A,LA8A",2,4.092513084411621,3.12330961227417
3S9D,"EB66A,LA23A",2,6.058159828186035,2.915651798248291
3S9D,"EB66A,RA115A",2,4.6586079597473145,4.397887229919434
3S9D,"EB66A,AA116G",2,5.041269302368164,0.12941324710845947
3S9D,"EB66A,MA119A",2,4.980967998504639,5.569679260253906
3S9D,"EB66A,RA120A",2,3.6324572563171387,3.396318197250366
3S9D,"EB66A,SA123A",2,3.543700695037842,3.1141104698181152
3S9D,"EB66A,LA124A",2,3.7697887420654297,3.0540595054626465
3S9D,"HB65A,RA5A",2,2.2143898010253906,3.549074172973633
3S9D,"HB65A,LA8A",2,4.016777992248535,4.832837104797363
3S9D,"HB65A,LA19A",2,3.056492567062378,5.201198577880859
3S9D,"HB65A,RA120A",2,3.8463404178619385,3.5845017433166504
3S9D,"HB65A,SA123A",2,1.135684609413147,3.0982704162597656
3S9D,"HB65A,LA124A",2,2.939418077468872,3.9144539833068848
2NYY,"QD5E,ID36V",2,0.04939959943294525,0.7513471245765686
2NYY,"VD36I,ED5Q",2,-0.04939959943294525,-0.08372452110052109
2O3B,"QB74A,WB76A",2,5.755609512329102,0.8087790608406067
1HE8,"VA80K,KA124E",2,0.09897152334451675,-1.9719891548156738
1HE8,"VA80K,AA606E",2,-0.45456182956695557,-2.3702752590179443
1HE8,"VA80K,KA606E",2,0.45807787775993347,-0.6161175966262817
1HE8,"KA80V,FA78S",2,2.162247657775879,3.387826442718506
1HE8,"KA80V,RA83A",2,1.897843837738037,1.7658449411392212
1HE8,"KA80V,TA89D",2,2.162247657775879,1.1440647840499878
1HE8,"KA80V,KA91A",2,1.5231046676635742,1.7283817529678345
1HE8,"KA80V,KA108A",2,2.162247657775879,1.1305829286575317
1HE8,"KA80V,KA108E",2,2.162247657775879,1.8593374490737915
1HE8,"KA80V,DA95A",2,1.038295030593872,2.5901970863342285
1HE8,"KA80V,KA111A",2,1.9676246643066406,2.209404945373535
1HE8,"KA80V,KA112A",2,2.162247657775879,1.7407680749893188
1HE8,"KA80V,KA113A",2,1.6758559942245483,1.0117673873901367
1HE8,"KA80V,DA117A",2,0.9443292021751404,2.5859038829803467
1HE8,"KA80V,EA124K",2,-0.09897152334451675,0.7895289659500122
1HE8,"KA80V,EA606A",2,0.45456182956695557,3.19883394241333
1HE8,"KA80V,EA606K",2,-0.45807787775993347,0.9068254828453064
4KRL,"DA49T,FA51A",2,1.8532617092132568,1.4136892557144165
1GL0,"MI28K,LI27R",2,3.8372950553894043,7.694967269897461
1GL1,"MI30K,GI31A",2,0.13220183551311493,2.9536638259887695
1GL1,"KI30M,AI31G",2,-0.13220183551311493,-4.473315238952637
4X4M,"KE153A,HE154A,RE155A",3,1.7881416082382202,2.0348973274230957
1YY9,"TC31E,NC93A",2,-0.8188995718955994,-0.4914950728416443
1YY9,"SC26D,TC31E,NC93A",3,-1.3335405588150024,-0.19425901770591736
2OOB,"EA7K,SA6A",2,-0.16116079688072205,2.7989258766174316
2OOB,"EA38I,EA27I",2,-0.2842833995819092,0.546058177947998
2OOB,"AA6S,KA7E",2,0.16116079688072205,-2.308328628540039
2OOB,"AA9E,GA13S",2,3.103360414505005,-1.1865260601043701
2OOB,"IA27E,IA38E",2,0.2842833995819092,-0.6989054679870605
2PCC,"AA34D,AB92K",2,-0.20301209390163422,-0.7236868143081665
2PCC,"AA34D,GB86A",2,0.0978018268942833,0.6953405737876892
2PCC,"KB92A,DA34A",2,0.20301209390163422,0.9158203601837158
2PCC,"KB92A,VA197A",2,1.5015023946762085,0.9882354736328125
2PCC,"KB77A,VA197A",2,2.800978183746338,-0.2219141572713852
2PCC,"KB77A,EA290A",2,1.102177381515503,-0.09679113328456879
2PCC,"AB86G,DA34A",2,-0.0978018268942833,-0.6624783277511597
2PCC,"AB86G,VA197A",2,2.1026816368103027,-0.66292405128479
3UII,"WA76H,YA58K",2,-0.03452153131365776,1.2291957139968872
3UII,"KA58Y,HA76W",2,0.03452153131365776,-0.8075206875801086
4KRO,"AA323F,TA321D",2,-0.12702755630016327,0.3467653691768646
4KRO,"DA321T,FA323A",2,0.12702755630016327,-0.16771794855594635
1BRS,"KA25A,YD29A",2,8.624588966369629,6.023282051086426
1BRS,"KA25A,DD35A",2,9.549198150634766,5.980756759643555
1BRS,"KA25A,WD38F",2,5.1131696701049805,4.837985038757324
1BRS,"KA25A,DD39A",2,8.278043746948242,5.7931623458862305
1BRS,"KA25A,TD42A",2,5.7239251136779785,5.140527248382568
1BRS,"KA25A,ED74A",2,6.696013450622559,5.334765434265137
1BRS,"KA25A,ED78A",2,5.513151168823242,5.4035491943359375
1BRS,"RA57A,YD29A",2,8.122605323791504,1.2856403589248657
1BRS,"RA57A,DD35A",2,6.334464073181152,0.6740990877151489
1BRS,"RA57A,WD38F",2,6.2779974937438965,1.3211842775344849
1BRS,"RA57A,TD42A",2,6.820855617523193,0.49770763516426086
1BRS,"RA57A,ED74A",2,4.970293045043945,1.3684297800064087
1BRS,"RA57A,ED78A",2,5.201466083526611,0.7603005766868591
1BRS,"RA81Q,YD29A",2,8.29304313659668,3.2454428672790527
1BRS,"RA81Q,DD35A",2,9.605664253234863,2.2390127182006836
1BRS,"RA81Q,WD38F",2,6.758434295654297,2.6606669425964355
1BRS,"RA81Q,DD39A",2,6.439105033874512,0.4853096306324005
1BRS,"RA81Q,TD42A",2,6.107559680938721,1.3936198949813843
1BRS,"RA81Q,ED74A",2,6.721075534820557,2.1254940032958984
1BRS,"RA81Q,ED78A",2,5.764044761657715,0.8219512701034546
1BRS,"RA85A,YD29A",2,8.052824974060059,4.096383571624756
1BRS,"RA85A,WD38F",2,7.040988922119141,3.8254013061523438
1BRS,"RA85A,DD39A",2,7.185323715209961,3.626279354095459
1BRS,"RA85A,TD42A",2,7.020199298858643,2.6242876052856445
1BRS,"RA85A,ED74A",2,6.866451263427734,3.1894240379333496
1BRS,"RA85A,ED78A",2,6.126986026763916,2.3842620849609375
1BRS,"HA100A,YD29A",2,6.306902885437012,4.6077189445495605
1BRS,"HA100A,YD29F",2,5.549701690673828,4.441875457763672
1BRS,"HA100A,WD38F",2,7.6421685218811035,4.490468978881836
1BRS,"HA100A,DD39A",2,8.991339683532715,4.729440689086914
1BRS,"HA100A,TD42A",2,8.135626792907715,4.352948188781738
1BRS,"HA100A,ED74A",2,7.5630574226379395,4.606823921203613
1BRS,"HA100A,ED78A",2,6.745120525360107,5.004389762878418
1BRS,"RA57A,DD39A",2,11.361334800720215,0.624883234500885
1BRS,"EA71Q,DD39A",2,7.207326889038086,1.596701741218567
1BRS,"EA71Q,ED74A",2,3.527010917663574,0.7269624471664429
1BRS,"EA71W,DD39A",2,6.665239334106445,0.7630176544189453
1BRS,"EA71W,DD35A",2,5.712494850158691,2.0512807369232178
1BRS,"EA71W,ED74A",2,3.549654960632324,-0.6849661469459534
1BRS,"EA71F,DD39A",2,7.471730709075928,0.9312907457351685
1BRS,"EA71F,DD35A",2,6.410199165344238,2.45160174369812
1BRS,"EA71A,DD39A",2,7.185323715209961,3.8416008949279785
1BRS,"EA71A,DD35A",2,6.440232276916504,4.443852424621582
1BRS,"HA100Q,RA57K",2,6.912182331085205,-0.29415813088417053
1BRS,"HA100Q,RA57A",2,9.308979034423828,0.4725952446460724
4OFY,"QA34A,FA40A",2,4.140706539154053,2.6163723468780518
2DVW,"AB22E,AB21E",2,-0.038346003741025925,-0.33398813009262085
2DVW,"AA37D,AA69D",2,-0.19162222743034363,-2.2501158714294434
2DVW,"RB3A,RB7A",2,2.1533782482147217,0.19019034504890442
2DVW,"RB3A,RB4A,RB7A",3,2.790146827697754,0.6464478969573975
2DVW,"EB21A,EB22A",2,0.038346003741025925,0.6027017831802368
2DVW,"DA37A,DA69A",2,0.19162222743034363,2.112889289855957
2DVW,"RA39A,KA114A",2,2.3625965118408203,5.479349613189697
3L5X,"GL93E,VL92N,GL94Y",3,0.4632073640823364,-0.8617250919342041
3L5X,"LL92N,AL94Y,PL91H",3,0.4446124732494354,0.9156550168991089
3L5X,"GL94Y,DL92N,LL93E",3,0.4298209547996521,-0.9824506044387817
3L5X,"GL94Y,FL93E",2,0.42820003628730774,-1.8816018104553223
3L5X,"SL92N,WL93E,AL94Y",3,0.30316370725631714,-0.4547311067581177
3L5X,"SL92N,GL94Y,SL93E",3,0.24932429194450378,-0.34131234884262085
3L5X,"NL92D,EL93W,YL94G",3,-1.6832761764526367,-0.6626774072647095
3L5X,"NL92E,EL93W,YL94G",3,-1.5510743856430054,0.24377720057964325
3L5X,"NL92D,EL93P,YL94G",3,-1.470618486404419,0.8747121691703796
3L5X,"NL92S,EL93W,YL94G",3,-1.2726197242736816,-0.699235200881958
3L5X,"NL92E,EL93S,YL94G",3,-1.2659252882003784,1.1783124208450317
3L5X,"NL92S,EL93H,YL94G",3,-1.2462842464447021,-0.40644434094429016
3L5X,"NL92F,EL93W,YL94G",3,-1.233542799949646,-1.434531569480896
3L5X,"NL92D,EL93W,YL94E",3,-1.1968846321105957,0.8739928603172302
3L5X,"NL92S,EL93Y,YL94G",3,-0.9646185040473938,-1.347999930381775
3L5X,"NL92V,EL93W,YL94G",3,-0.8356277942657471,-0.262306809425354
3L5X,"NL92L,EL93M,YL94G",3,-0.8260461688041687,-2.183577060699463
3L5X,"NL92D,EL93Y,YL94A",3,-0.807335615158081,-0.4825102984905243
3L5X,"NL92S,EL93I,YL94G",3,-0.807335615158081,-0.8641966581344604
3L5X,"EL93H,YL94G",2,-0.7629918456077576,1.8907313346862793
3L5X,"NL92D,EL93W,YL94S",3,-0.7164474129676819,0.20605112612247467
3L5X,"NL92L,EL93N,YL94G",3,-0.6957483291625977,-0.2939608097076416
3L5X,"NL92L,EL93D,YL94S",3,-0.6806851625442505,0.024151969701051712
3L5X,"NL92L,EL93L,YL94G",3,-0.6262500882148743,-1.2598460912704468
3L5X,"NL92D,EL93N,YL94S",3,-0.5342774987220764,1.7552103996276855
3L5X,"NL92D,EL93R,YL94D",3,-0.5227732062339783,-0.023030251264572144
3L5X,"NL92S,EL93V,YL94G",3,-0.5171037912368774,-0.15912683308124542
3L5X,"NL92V,EL93G,YL94G",3,-0.4632073640823364,0.7073181867599487
3L5X,"HL91P,NL92L,YL94A",3,-0.4446124732494354,0.035834286361932755
3L5X,"NL92D,EL93L,YL94G",3,-0.4298209547996521,1.053528904914856
3L5X,"EL93F,YL94G",2,-0.42820003628730774,1.4855953454971313
3L5X,"NL92S,EL93W,YL94A",3,-0.30316370725631714,-0.0011539682745933533
3L5X,"NL92S,EL93S,YL94G",3,-0.24932429194450378,0.5531282424926758
3SE3,"HB43Y,EB44N,QB47S",3,-0.19081901013851166,-0.19121642410755157
3SE3,"AB43Y,AB44N,AB47S",3,-0.17339269816875458,0.7518251538276672
3SE3,"YB43A,NB44E,SB47Q",3,1.8576297760009766,-0.016395121812820435
3SE3,"YB43H,NB44A,SB47Q",3,1.383597493171692,-0.49606892466545105
3SE3,"YB43H,NB44E,SB47A",3,1.7648701667785645,0.025504324585199356
3SE3,"YB43H,NB44E,SB47Q",3,0.19081901013851166,-0.18141604959964752
3SE3,"YB43A,NB44A,SB47A",3,0.17339269816875458,-1.3874791860580444
3SE3,"YB43H,NB44E,SB47Q",3,2.4577348232269287,-0.42435353994369507
3SE3,"YB43M,NB44D,SB47L",3,0.7132960557937622,-1.2754642963409424
3SE3,"YB43A,NB44A,SB47A",3,0.7697627544403076,-0.7582987546920776
5UFE,"RB25Q,GB33E,GB34D",3,-0.09752010554075241,-0.4525993764400482
5UFE,"QB25R,EB33G,DB34G",3,0.09752010554075241,0.4213681221008301
5UFE,"GA12D,QB25R",2,-0.9751043915748596,-0.735977053642273
1AO7,"QA63E,VD30Q",2,0.006822939030826092,-0.17502723634243011
1AO7,"AD31S,FC5Y",2,0.04054573178291321,-2.4867782592773438
1AO7,"AA155Q,AD50Y",2,-0.27613577246665955,-2.1765854358673096
1AO7,"AD94S,ID28G",2,-0.38309553265571594,-0.08742351084947586
1AO7,"DD26A,EA58A",2,0.749596118927002,0.730894923210144
1AO7,"RD27A,RA170A",2,1.1865081787109375,0.2681136429309845
1AO7,"QD30L,LC1A",2,2.7626969814300537,-0.4581047594547272
1AO7,"QD30V,LC1A",2,0.7237116098403931,1.5928312540054321
1AO7,"QD30V,YA159A",2,3.3302760124206543,0.15745677053928375
1AO7,"EA63Q,QD30V",2,-0.006822939030826092,-1.280848503112793
1AO7,"EA63Q,KA66A",2,1.3316361904144287,2.0223469734191895
1AO7,"EA63Q,QD30V,KA66A",3,1.8550679683685303,0.7990160584449768
1AO7,"SD31A,YC5A",2,1.70949125289917,3.3673794269561768
1AO7,"SD31A,YC5F",2,-0.04054573178291321,1.8871771097183228
1AO7,"YD50A,QA155A",2,0.27613577246665955,1.6247309446334839
1AO7,"ND52A,EA166A",2,3.1431562900543213,-0.27224844694137573
1AO7,"KD66A,TA163A",2,0.9781012535095215,0.04306427761912346
1AO7,"KD66A,EA166A",2,3.0337634086608887,-0.34078919887542725
1AO7,"TD91A,YC5A",2,3.0309817790985107,3.882344961166382
1AO7,"TD92A,RA65A",2,2.423471212387085,1.3348289728164673
1AO7,"DD93N,RA65A",2,3.084350109100342,-0.0009734667837619781
1AO7,"SD94A,YC5A",2,1.8610118627548218,3.0939877033233643
1AO7,"WD95A,AA69G",2,2.905458688735962,3.5172336101531982
1AO7,"EE28A,YC8A",2,3.425438165664673,3.522266149520874
1AO7,"RE92A,YC5A",2,2.019083261489868,4.967161178588867
1AO7,"RE92A,YC5F",2,0.6059800386428833,2.604752779006958
1AO7,"PE100A,YC5A",2,2.406045913696289,3.156040668487549
1AO7,"PE100A,QA155A",2,0.9303608536720276,0.06433117389678955
1AO7,"DD93A,QA72A",2,1.0608429908752441,0.5692656636238098
1AO7,"RE99A,YC5A",2,1.8859434127807617,2.2859103679656982
1AO7,"GE97S,GE98A,RE99E",3,-3.454111337661743,-1.4580953121185303
1AO7,"AE96M,GE97S,GE98A",3,-3.549654960632324,-0.8964600563049316
1AO7,"GD28I,SD94A",2,-0.38309553265571594,1.3099161386489868
1AO7,"GD28I,SD94T",2,-0.8996182680130005,1.4500023126602173
1AO7,"GD28L,SD94A",2,-0.5086029171943665,-0.8672778606414795
1AO7,"GD28L,SD94T",2,-1.028609037399292,-1.6760075092315674
1AO7,"GD28M,SD94A",2,-0.8046229481697083,-1.326619267463684
1AO7,"GD28M,SD94T",2,-1.7472666501998901,-0.2772853672504425
1AO7,"GD28M,SD51M,SD94T",3,-2.126458168029785,-0.8984795808792114
1AO7,"GD28T,SD51M,SD94T",3,-1.6043896675109863,-0.6512174010276794
1AO7,"GE98A,RE99Q",2,-1.5635147094726562,-0.9663671255111694
1AO7,"AE96M,GE97S",2,-1.0448415279388428,-0.8317843675613403
1AO7,"KD97P,AE50P,RE99P",3,-1.6319506168365479,1.0783190727233887
1AO7,"KD97P,RE99P",2,-1.2212941646575928,0.4246751666069031
1DQJ,"NA32A,KC96A",2,5.804446220397949,5.242645740509033
1DQJ,"SA91A,RC21A",2,3.172151565551758,3.513181686401367
1DQJ,"SA91A,YC20A",2,3.5746920108795166,4.407084941864014
1DQJ,"YA96A,RC21A",2,3.486760139465332,5.474642276763916
1DQJ,"YA96A,SC100A",2,0.9138562679290771,3.2493276596069336
1DQJ,"DB32A,KC97A",2,1.1228859424591064,2.9789233207702637
1DQJ,"YB53A,WC62A",2,1.286884069442749,3.511817693710327
1DQJ,"YB53A,WC63A",2,2.2002170085906982,2.998847484588623
1DQJ,"YB53A,LC75A",2,1.2174066305160522,5.916639804840088
1DQJ,"YB53A,DC101A",2,2.728342294692993,4.0161356925964355
1DQJ,"WB98A,SC100A",2,5.364646911621094,3.7136669158935547
1DQJ,"WB98A,KC97A",2,6.6630682945251465,5.330819606781006
1DQJ,"WB98A,YC20A",2,5.114386558532715,7.315335273742676
5M2O,"VB21A,QB25A",2,3.317598819732666,0.2860402464866638
5M2O,"EA80A,HA117A",2,2.5299770832061768,0.5571911334991455
5M2O,"NA71A,HA117A",2,2.286818265914917,0.9558995962142944
5M2O,"NA71A,NA120A",2,2.4594626426696777,0.7791721224784851
5M2O,"NA71A,EA80A",2,1.0289419889450073,0.30968496203422546
5M2O,"EA80A,NA120A",2,1.210966944694519,1.0642009973526
5M2O,"HA117A,NA120A",2,2.338982105255127,0.4984287917613983
1A22,"AB80K,AB79E",2,0.34476056694984436,-1.3066327571868896
1A22,"AB2K,AB5K",2,-0.2402186095714569,-1.4089995622634888
1A22,"AB80K,AB78D,AB79E",3,-0.20982979238033295,-0.6882794499397278
1A22,"AB113E,AB111R,AB107D",3,-0.3143717646598816,-2.163926124572754
1A22,"AB122K,AB119D,AB116R",3,0.0624210461974144,-0.34525129199028015
1A22,"AA25F,AA42Y,AA46Q",3,-0.19052284955978394,-0.8243541717529297
1A22,"AA46Q,AA42Y",2,-0.2733250856399536,-1.4763299226760864
1A22,"DA110V,HA112D,DA109N",3,-0.346296101808548,0.5203513503074646
1A22,"HA129E,DA127R,VA128L",3,-0.31641823053359985,0.17248769104480743
1A22,"SB57A,SB61A",2,-0.5695899724960327,1.833203911781311
1A22,"EB79A,KB80A",2,-0.34476056694984436,1.666788101196289
1A22,"QB121A,KB122A,VB126A",3,-0.8722296357154846,1.284675121307373
1A22,"RB172A,NB173A",2,0.9025979042053223,3.2913553714752197
1A22,"QB171A,RB172A,NB173A",3,1.1035670042037964,3.8308801651000977
1A22,"KB2A,KB5A",2,0.2402186095714569,1.2411413192749023
1A22,"RB29A,RB30A,EB34A",3,0.9535146951675415,0.3904469907283783
1A22,"DB78A,EB79A,KB80A",3,0.20982979238033295,0.5505805611610413
1A22,"DB107A,RB111A,EB113A",3,0.3143717646598816,2.548293113708496
1A22,"RB116A,DB119A,KB122A",3,-0.0624210461974144,0.9455613493919373
1A22,"FA25A,YA42A,QA46A",3,0.19052284955978394,1.3621845245361328
1A22,"YA42A,QA46A",2,0.2733250856399536,1.2544569969177246
1A22,"NA12H,FA25L",2,0.8384865522384644,-0.03017742931842804
1A22,"EA56D,RA64M",2,2.0033140182495117,-0.8624184727668762
1A22,"NA109D,VA110D,DA112H",3,0.346296101808548,-1.5312649011611938
1A22,"RA127D,LA128V,EA129H",3,0.31641823053359985,-0.1496080458164215
1A22,"KA157A,EA163A",2,-0.7697627544403076,4.12030029296875
1A22,"RA64A,DA160A",2,3.3227505683898926,1.7987548112869263
1A22,"KA161A,FA165A",2,3.7808284759521484,4.600692272186279
1KNE,"KP2T,FA3A",2,0.03591717779636383,-0.3800595998764038
1KNE,"FA3A,LP2T",2,-0.3929699659347534,2.3080906867980957
1KNE,"KP2T,LA3A",2,0.15893353521823883,-0.8377185463905334
1KNE,"IP2T,LA3A",2,-0.06589584797620773,1.8826998472213745
1KNE,"FP2T,LA3A",2,-0.25172290205955505,0.44661369919776917
1KNE,"LP2T,LA3A",2,-0.25172290205955505,0.2033184915781021
1KNE,"KP2T,TA3A",2,0.3143717646598816,0.20068694651126862
1KNE,"KP2T,FA40D",2,0.2063549906015396,-0.5268199443817139
1KNE,"IP2T,FA40D",2,-0.20430143177509308,0.48315611481666565
1KNE,"FP2T,FA40D",2,0.15893353521823883,-0.35431259870529175
1KNE,"LP2T,FA40D",2,-0.29562830924987793,1.8949627876281738
1KNE,"KA40D,KP2T",2,-0.336503267288208,-0.36537766456604004
1KNE,"KA40D,IP2T",2,-0.0,0.5789380073547363
1KNE,"KA40D,FP2T",2,0.03591717779636383,0.5774082541465759
1KNE,"KA40D,LP2T",2,0.3143717646598816,1.185874342918396
1KNE,"TA40D,LP2T",2,-0.25172290205955505,0.4568187892436981
1KNE,"KA3A,AA24K",2,0.2579050660133362,-0.7117440700531006
1KNE,"AA3F,TP2K",2,-0.03591717779636383,0.7260339260101318
1KNE,"AA3F,TP2I",2,0.5897433161735535,-0.9573808908462524
1KNE,"AA3F,TP2F",2,0.8036264181137085,0.0715937465429306
1KNE,"AA3F,TP2L",2,0.3929699659347534,-2.1658177375793457
1KNE,"AA3K,TP2K",2,1.5997247695922852,1.0833009481430054
1KNE,"AA3K,TP2I",2,1.398034691810608,-0.017004918307065964
1KNE,"AA3K,TP2F",2,1.4692765474319458,-1.1469768285751343
1KNE,"AA3K,TP2L",2,1.8344539403915405,0.1851119101047516
1KNE,"AA3L,TP2K",2,-0.15893353521823883,0.9123837351799011
1KNE,"AA3L,TP2I",2,0.06589584797620773,-2.2702856063842773
1KNE,"AA3L,TP2F",2,0.25172290205955505,-1.846231460571289
1KNE,"AA3L,TP2L",2,0.25172290205955505,-1.3494065999984741
1KNE,"AA3T,TP2K",2,-0.3143717646598816,0.23249517381191254
1KNE,"AA3T,TP2I",2,0.6024847030639648,-0.47374144196510315
1KNE,"AA3T,TP2F",2,0.7853956818580627,-1.1562858819961548
1KNE,"AA3T,TP2L",2,0.5634077787399292,-0.09742482006549835
1KNE,"DA40F,TP2K",2,-0.2063549906015396,0.6202660799026489
1KNE,"DA40F,TP2I",2,0.20430143177509308,-0.625409722328186
1KNE,"DA40F,TP2F",2,-0.15893353521823883,-0.29001930356025696
1KNE,"DA40F,TP2L",2,0.29562830924987793,-0.21874648332595825
1KNE,"DA40I,TP2K",2,0.5897433161735535,1.6118777990341187
1KNE,"DA40I,TP2I",2,0.614957869052887,0.13550513982772827
1KNE,"DA40I,TP2F",2,1.0953950881958008,-0.16571418941020966
1KNE,"DA40I,TP2L",2,0.5767219066619873,-0.027988169342279434
1KNE,"DA40K,TP2K",2,0.336503267288208,0.7021040916442871
1KNE,"DA40K,TP2I",2,0.0,-0.2236635535955429
1KNE,"DA40K,TP2F",2,-0.03591717779636383,-1.6768871545791626
1KNE,"DA40K,TP2L",2,-0.3143717646598816,-1.1763291358947754
1KNE,"DA40T,TP2K",2,0.7270746231079102,0.49926844239234924
1KNE,"DA40T,TP2I",2,0.8872087001800537,0.12235644459724426
1KNE,"DA40T,TP2F",2,1.240618348121643,-0.05604185536503792
1KNE,"DA40T,TP2L",2,0.25172290205955505,-1.1689187288284302
1KNE,"KA24A,AA3K",2,-0.2579050660133362,0.7946294546127319
4RA0,"GC61D,AC66V,RC101G",3,1.5820304155349731,0.35645270347595215
4RA0,"SC6G,AC66V,RC101G",3,0.9792775511741638,1.4953168630599976
4RA0,"SC6G,GC61D,AC66V",3,1.4648281335830688,0.07448418438434601
4RA0,"AC66V,RC101G",2,0.9535146951675415,0.5086526870727539
4RA0,"GC61D,AC66V",2,1.5179190635681152,-0.7285615801811218
4RA0,"SC6G,AC66V",2,0.9219698905944824,-0.021791677922010422
1R0R,"DI5E,MI16R,DI38E",3,-0.4106564223766327,-1.2173975706100464
1R0R,"VI16R,II18L",2,0.01634453982114792,-0.1099247857928276
1R0R,"NI46S,MI13L,DI31N",3,0.3073604106903076,-0.28076669573783875
1R0R,"TI10A,MI13L",2,-0.25873422622680664,0.05479106679558754
1R0R,"RI47H,MI13L",2,0.31760478019714355,0.6289886832237244
1R0R,"NI46S,MI13L",2,0.49729984998703003,-0.8739637136459351
1R0R,"VI10A,SI12T",2,-0.0947713702917099,-2.378676652908325
1R0R,"TI12K,LI13R",2,5.259514808654785,5.1113505363464355
1R0R,"TI12R,LI13R",2,6.506483554840088,2.8613123893737793
1R0R,"AI10R,LI13R",2,7.752178192138672,1.4768955707550049
1R0R,"AI10R,TI12K,LI13R",3,9.314399719238281,3.3320071697235107
1R0R,"EI5D,RI16M,EI38D",3,0.4106564223766327,0.8772677183151245
1R0R,"LI13M,TI44N,KI50T",3,-0.8384865522384644,0.6561320424079895
1R0R,"NI23S,GI27A",2,1.2537312507629395,0.13543106615543365
1R0R,"AI10D,GI27A",2,5.903494834899902,-3.2124366760253906
1R0R,"AI10D,GI27A,NI28S",3,5.834187984466553,-1.712483286857605
1R0R,"TI12M,LI13S,GI27V",3,3.013808250427246,5.1247758865356445
1R0R,"RI16V,LI18I",2,-0.01634453982114792,1.1871424913406372
1R0R,"LI13S,RI16V,LI18I",3,1.8898556232452393,4.068851470947266
1R0R,"LI13M,NI31D,SI46N",3,-0.3073604106903076,0.4378838539123535
1R0R,"AI10T,LI13M",2,0.25873422622680664,-1.3380566835403442
1R0R,"LI13M,TI25S,GI27D",3,2.1459031105041504,1.6914650201797485
1R0R,"LI13I,GI27D",2,5.3034586906433105,2.3890225887298584
1R0R,"AI10D,LI13A,YI15D",3,8.94481372833252,4.9261155128479
1R0R,"LI13M,HI47R",2,-0.31760478019714355,0.10262969136238098
1R0R,"LI13M,HI47R,KI50E",3,-0.9173604846000671,0.4297650158405304
1R0R,"LI13M,SI46N",2,-0.49729984998703003,0.1787269115447998
1R0R,"LI13M,YI15Q",2,3.640117645263672,3.422863245010376
1R0R,"LI13M,GI27D",2,2.3932597637176514,1.4431415796279907
1R0R,"AI10D,LI13A",2,5.530481815338135,1.7802793979644775
1R0R,"AI10V,TI12S",2,0.0947713702917099,1.6954421997070312
1R0R,"KI8T,PI9E,AI10Y",3,-0.8727518916130066,-3.1279854774475098
1R0R,"KI8S,PI9D,AI10Y",3,-1.929858684539795,-3.6887853145599365
3BP8,"FA115A,AC51F",2,-0.7745522260665894,0.3449404537677765
4JFD,"AC6G,GC4A",2,-0.07705023139715195,0.485488623380661
4JFD,"AC7I,GC4A",2,0.08859036862850189,0.12400877475738525
4JFD,"AC8L,GC4A",2,0.31932955980300903,-1.5117013454437256
4JFD,"AC9T,GC4A",2,-0.016232576221227646,-1.2328895330429077
4JFD,"AC4G,EC1A",2,0.8046229481697083,0.052443716675043106
4JFD,"AC4G,GC6A",2,0.07705023139715195,0.09199830889701843
4JFD,"AC4G,IC7A",2,-0.08859036862850189,0.25279536843299866
4JFD,"AC4G,LC8A",2,-0.31932955980300903,1.0385593175888062
4JFD,"AC4G,TC9A",2,0.016232576221227646,1.7589792013168335
1MHP,"VH50T,EH64K",2,0.36120107769966125,-0.42483699321746826
1MHP,"DH60L,QH64K",2,-0.04300859197974205,-1.163139820098877
1MHP,"DH60L,EH64K",2,0.14186398684978485,-0.2693796753883362
1MHP,"IL90S,YL29N",2,-0.434562623500824,0.2760497033596039
1MHP,"TH50V,SL27Q,NL51Y",3,-1.0239880084991455,-0.3652430474758148
1MHP,"TH50V,KH64E",2,-0.36120107769966125,0.4308161735534668
1MHP,"LH60D,KH64Q",2,0.04300859197974205,1.7703347206115723
1MHP,"LH60D,KH64E",2,-0.14186398684978485,0.29011282324790955
1MHP,"KH64E,SL27Q,NL51Y",3,-0.9535146951675415,-0.33753442764282227
1MHP,"SL90R,NL29E",2,2.728342294692993,1.1305253505706787
1MHP,"WL89Q,FL32Y",2,0.8714090585708618,4.145207405090332
1MHP,"TH50V,SH35V",2,2.728342294692993,-0.010112054646015167
1MHP,"TH50V,SH35A",2,2.0767698287963867,0.7041606307029724
1MHP,"SH35A,GH102S",2,1.5733891725540161,0.22902846336364746
1MHP,"SH35V,GH102S",2,1.4263132810592651,-0.48406505584716797
1MHP,"TH50V,GH102S",2,1.6682031154632568,0.3289220333099365
1MHP,"NL29Y,SL90I",2,0.434562623500824,-0.29586878418922424
1MHP,"TH33E,GH53Q",2,1.6682031154632568,-0.04860186204314232
1MHP,"TH50V,SL27Q",2,-0.6949949264526367,-0.01271507516503334
1MHP,"KH64E,SL27Q",2,-0.857230007648468,0.7078160047531128
2KSO,"KB25D,DA10K",2,-0.38742002844810486,-0.7814881801605225
2KSO,"DA49K,KB36D",2,-0.176107257604599,0.38326746225357056
2KSO,"EA43R,EB20H",2,-0.45456182956695557,-2.255680561065674
2KSO,"KA10D,DB25K",2,0.38742002844810486,0.48938775062561035
2KSO,"KA10E,EB27K",2,0.6432303786277771,1.3227765560150146
2KSO,"KA49D,DB36K",2,0.176107257604599,-0.2742714583873749
2KSO,"RA43E,HB20R",2,-0.8213128447532654,0.8641924858093262
2KSO,"RA43E,HB20E",2,0.45456182956695557,0.8330312371253967
1Z7X,"QW430A,VW432A",2,0.9395740032196045,0.3575156033039093
1Z7X,"WW438A,SW439A,EW440A",3,1.972199559211731,1.5774236917495728
1Z7X,"YW434A,DW435A",2,7.171210765838623,4.989382266998291
1Z7X,"YW434A,YW437A",2,7.240991592407227,6.033835411071777
3G6D,"TH215K,TH210K",2,0.13300734758377075,-0.24343320727348328
3G6D,"KH210T,KH215T",2,-0.13300734758377075,-0.32899928092956543
1C4Z,"PA243S,PA245N",2,0.07573513686656952,0.15078450739383698
1C4Z,"SA243P,NA245P",2,-0.07573513686656952,-0.7105773687362671
1CHO,"DI12A,AI29G,SI30N",3,0.030033236369490623,-1.5490903854370117
1CHO,"MI15L,NI48S,DI33N",3,0.48241159319877625,-2.5609095096588135
1CHO,"MI15L,RI49H",2,-0.14070072770118713,-1.6027179956436157
1CHO,"MI15L,RI49H,EI52K",3,0.44068965315818787,-0.4735652208328247
1CHO,"MI15L,NI48S",2,-0.3806231915950775,-1.3009755611419678
1CHO,"TI14K,LI15R",2,7.472139358520508,2.584012985229492
1CHO,"TI14R,LI15R",2,7.2265849113464355,1.0370432138442993
1CHO,"AI12R,LI15R",2,4.977166652679443,-0.20809397101402283
1CHO,"AI12R,TI14K,LI15R",3,7.98739767074585,1.7104542255401611
1CHO,"AI12R,TI14P,LI15R",3,8.920000076293945,1.9672777652740479
1CHO,"EI7D,RI18M,EI40D",3,2.5434629917144775,0.05331306532025337
1CHO,"LI15M,TI46N,KI52T",3,0.6553633213043213,1.8373093605041504
1CHO,"NI25S,GI29A",2,-0.860901951789856,1.3403255939483643
1CHO,"AI12D,GI29A",2,-0.8657383322715759,0.6341246366500854
1CHO,"AI12D,GI29A,NI30S",3,-0.030033236369490623,2.1383585929870605
1CHO,"TI14M,LI15S,GI29V",3,8.988038063049316,4.026813983917236
1CHO,"RI18V,LI20I",2,2.1671829223632812,0.4071308672428131
1CHO,"LI15S,RI18V,LI20I",3,7.224715232849121,3.1290390491485596
1CHO,"LI15M,NI33D,SI48N",3,-0.48241159319877625,2.3881113529205322
1CHO,"AI12T,LI15M",2,0.9234814643859863,0.07891814410686493
1CHO,"LI15M,TI27S,GI29D",3,3.5814502239227295,3.3254196643829346
1CHO,"AI12D,LI15A,YI17D",3,10.913369178771973,7.62973690032959
1CHO,"LI15M,HI49R",2,0.14070072770118713,1.7248495817184448
1CHO,"LI15M,HI49R,KI52E",3,-0.44068965315818787,1.1717615127563477
1CHO,"LI15M,SI48N",2,0.3806231915950775,1.9304273128509521
1CHO,"LI15M,YI17Q",2,3.5196218490600586,5.060634613037109
1CHO,"LI15M,GI29D",2,3.419841766357422,2.3813700675964355
1CHO,"AI12D,LI15A",2,4.827918529510498,5.111666679382324
1CHO,"TI14P,LI15K,GI29D",3,9.929821014404297,3.8218700885772705
1CHO,"TI14P,LI15K",2,8.366068840026855,2.331273078918457
1CHO,"AI12V,TI14S",2,3.6101016998291016,0.6386853456497192
1CHO,"KI10T,PI11E,AI12Y",3,-0.9422295689582825,-3.863403797149658
1CHO,"KI10S,PI11D,AI12Y",3,-1.0332770347595215,-3.7069528102874756
4JEU,"LB147A,EB148A",2,1.1937333345413208,1.1237983703613281
4FTV,"QA63E,AD93D",2,0.0045398841612041,-0.5736143589019775
4FTV,"KD66A,TA163A",2,-2.1304590702056885,0.5925545692443848
4FTV,"DD93A,RA65A",2,1.4018852710723877,3.889035940170288
4FTV,"EA63Q,DD93A",2,-0.0045398841612041,0.525879979133606
4FTV,"EA63Q,KA66A",2,1.3316361904144287,1.986266851425171
4FTV,"EA63Q,DD93A,KA66A",3,1.8550679683685303,2.701664686203003
4FTV,"SE99G,AE100G,QE101R",3,3.65146803855896,1.0247507095336914
4FTV,"ME98A,AE100G,QE101R",3,3.6194357872009277,1.362966775894165
4FTV,"ME98A,QE101E",2,0.5062000751495361,0.5056644678115845
2NZ9,"YD30D,KD29S,DD31H",3,0.04996808245778084,1.933284044265747
2NZ9,"SD29K,DD30Y,HD31D",3,-0.04996808245778084,-1.7396070957183838
3SE4,"KB134A,EC69A",2,1.9022706747055054,3.530622720718384
3SE4,"KB134R,EC69A",2,1.4014806747436523,2.0569121837615967
1JRH,"KI11E,LI9T",2,0.02557743899524212,-0.5842870473861694
1JRH,"VI18I,LI15M",2,0.21370169520378113,-0.4156438112258911
1JRH,"DI55H,TI51I,SI49A",3,-0.07070722430944443,0.4067508578300476
1JRH,"AI73V,KI78R",2,0.21370169520378113,-0.9123374819755554
1JRH,"KI90E,DI85A,RI88K",3,0.04776924476027489,1.3249515295028687
1JRH,"TI9L,EI11K",2,-0.02557743899524212,0.38532891869544983
1JRH,"MI15L,II18V",2,-0.21370169520378113,0.5564056634902954
1JRH,"AI49S,II51T,HI55D",3,0.07070722430944443,-0.6392515301704407
1JRH,"VI73A,RI78K",2,-0.21370169520378113,0.578051745891571
1JRH,"AI85D,KI88R,EI90K",3,-0.04776924476027489,-1.5349247455596924
1JRH,"AI93L,VI94M",2,0.6339466571807861,0.037109773606061935
1JRH,"EI45P,II47R",2,-3.441638231277466,0.006492305546998978
1JRH,"SI44G,EI45G,II47R",3,-3.3792171478271484,-0.5709015727043152
1JRH,"EI45P,II47L",2,-3.4583282470703125,0.4826502799987793
1JRH,"SI44G,EI45P,II47K",3,-3.8861582279205322,0.8708112239837646
1B3S,"AA102H,FD30Y",2,-5.549701690673828,-6.047023773193359
5UFQ,"GC55K,RC25Q",2,-0.24635806679725647,-0.7502805590629578
5UFQ,"DA12G,QC25R,KC55G",3,1.5138851404190063,0.10830706357955933
5UFQ,"QC25R,KC55G",2,0.24635806679725647,1.0015333890914917
1EMV,"FB86A,LA31A",2,6.679957866668701,2.214430570602417
1EMV,"FB86A,VA32A",2,4.665832996368408,1.6423128843307495
1EMV,"FB86A,VA35A",2,4.068404197692871,1.9329864978790283
1EMV,"FB86A,YA52A",2,8.723506927490234,3.6982295513153076
1EMV,"FB86A,YA53A",2,8.263228416442871,2.2432658672332764
2J0T,"TD2L,VD4S",2,3.4705440998077393,-1.4172470569610596
2J0T,"TD2L,VD4S,SD68A",3,5.2862467765808105,1.3422263860702515
2J0T,"TD2S,VD4A",2,1.2502000331878662,0.7952638268470764
2J0T,"TD2S,VD4A,SD68Y",3,2.1472480297088623,-0.5401106476783752
2J0T,"CD1S,FD12Y",2,4.200530052185059,-0.9671520590782166
2J0T,"VD69A,AD103V",2,0.7013269662857056,1.5249015092849731
5C6T,"NA195A,DA197A",2,0.5867636799812317,2.99847149848938
5C6T,"YA182A,NA195A,DA197A",3,2.943742513656616,2.801931619644165
2CCL,"TB49A,SB48A",2,0.07970309257507324,0.47495347261428833
2CCL,"AB48S,AB49T",2,-0.07970309257507324,-0.3451383113861084
1BD2,"EE28A,YC8A",2,3.966677188873291,3.3184001445770264
1BD2,"ED93A,RA65A",2,3.1152541637420654,2.1373655796051025
1BD2,"DD30N,YC5A",2,1.4770017862319946,0.16767586767673492
1BD2,"DD30N,YC5F",2,2.499720573425293,0.09877477586269379
1BD2,"YE99A,YC5F",2,0.8948648571968079,-0.12000687420368195
1BD2,"YE99A,YC5A",2,2.6869916915893555,2.2318029403686523
1BD2,"EA63Q,KA66A",2,1.9614979028701782,1.197939395904541
2B2X,"TH50V,KH64E,NL52Y",3,-0.37727001309394836,-0.4147273898124695
2B2X,"KH64E,NL52Y",2,-0.3486860692501068,-0.34805071353912354
2B2X,"TH50V,NL52Y",2,-0.1864510029554367,-0.30875223875045776
2B2X,"EH64K,QL28S,YL52N",3,0.7803654074668884,0.930793285369873
2B2X,"VH50T,QL28S,YL52N",3,0.8883821964263916,-0.052640464156866074
2B2X,"VH50T,EH64K,YL52N",3,0.37727001309394836,-0.3432009816169739
2B2X,"VH50T,EH64K,QL28S",3,0.9403850436210632,-0.4119424819946289
2B2X,"QL28S,YL52N",2,0.682479977607727,1.1494704484939575
2B2X,"EH64K,YL52N",2,0.3486860692501068,0.9523856043815613
2B2X,"VH50T,YL52N",2,0.1864510029554367,0.9289721846580505
1MLC,"NA32G,NA92A",2,-0.6869605183601379,0.12868963181972504
1MLC,"SB57V,TB58D",2,-0.988170862197876,-0.09263616800308228
1MLC,"NA92A,SB57V,TB58D",3,-2.3952598571777344,0.303671658039093
1Y4A,"SI40E,RI39M",2,-3.549654960632324,-2.47029709815979
1B2U,"AA27K,AD36D",2,-9.549198150634766,-5.757116794586182
1LFD,"KA45D,KA17M",2,0.20182165503501892,-0.0358395054936409
1LFD,"KA81D,KA17M",2,0.4014550745487213,-0.8988441824913025
1LFD,"AB25Q,AA16N",2,-0.30178165435791016,-0.679767370223999
1LFD,"AA38D,AB33D",2,-0.2003227025270462,-1.7424229383468628
1LFD,"AA16N,AB39S",2,-0.0,-1.3243159055709839
1LFD,"AA35K,AB39S",2,0.09967343509197235,-2.4289863109588623
1LFD,"AB63E,AA35K",2,-0.28575387597084045,-1.6998642683029175
1LFD,"MA17K,DA45K",2,-0.20182165503501892,-0.12285967916250229
1LFD,"MA17K,DA81K",2,-0.4014550745487213,0.8682149648666382
1LFD,"MA17K,DA38K,DA45K",3,-1.8022412061691284,-0.3686504364013672
1LFD,"DA38K,DA43K,EA44K",3,-1.2028181552886963,-0.5423524379730225
1LFD,"DA45K,DA81K",2,-0.7013956308364868,-0.15176460146903992
1LFD,"NA16A,QB25A",2,0.30178165435791016,0.47818195819854736
1LFD,"KA19A,QB25A",2,2.5012662410736084,1.98810875415802
1LFD,"DA38A,DB33A",2,0.2003227025270462,1.2668414115905762
1LFD,"HA40A,DB33A",2,2.201554298400879,1.443623661994934
1LFD,"NA16A,SB39A",2,0.0,0.9303334355354309
1LFD,"YA18F,SB39A",2,0.8008137345314026,1.6274619102478027
1LFD,"KA35A,SB39A",2,-0.09967343509197235,2.816596746444702
1LFD,"HA40A,SB39A",2,0.5011252760887146,1.1452995538711548
1LFD,"NA16A,YB40F",2,2.3011672496795654,0.8034254312515259
1LFD,"YA18F,YB40F",2,2.601687431335449,1.3138905763626099
1LFD,"SA20A,YB40F",2,1.7991840839385986,1.2960788011550903
1LFD,"NA14A,RB41A",2,1.6006627082824707,1.6500853300094604
1LFD,"NA16A,RB41A",2,1.4007436037063599,1.9154704809188843
1LFD,"YA18F,RB41A",2,1.7991840839385986,2.798977851867676
1LFD,"HA40A,VB29A",2,1.919624924659729,0.6646925806999207
1LFD,"RA7A,EB37A",2,2.0166759490966797,1.1647142171859741
1LFD,"NA14A,EB37A",2,1.919624924659729,1.0876402854919434
1LFD,"YA18F,EB37A",2,1.2470759153366089,1.8024553060531616
1LFD,"YA18A,EB37A",2,3.4585320949554443,1.5760055780410767
1LFD,"SA20A,EB37A",2,2.208296537399292,1.7075010538101196
1LFD,"YA18A,DB38A",2,4.708082675933838,1.9756046533584595
1LFD,"SA20A,DB38A",2,3.169999122619629,1.6286466121673584
1LFD,"KA39A,DB38A",2,5.862424373626709,2.2327630519866943
1LFD,"YA18A,SB39A",2,3.938493251800537,1.1864267587661743
1LFD,"KA35A,EB63A",2,0.28575387597084045,2.1720306873321533
4G0N,"RB18N,WB8F",2,0.2876400649547577,1.412986397743225
4G0N,"RB18N,IB35V,WB8F",3,-0.3632349669933319,-0.27221882343292236
4G0N,"CA32Y,RB18N,SA116C",3,0.3667510151863098,0.513176441192627
4G0N,"AB35V,AA21I",2,-0.29070067405700684,-2.795642137527466
4G0N,"AA27H,AB35V",2,-0.19255085289478302,-2.803868532180786
4G0N,"AA45V,AB11N",2,-0.0,-1.688263177871704
4G0N,"FB8W,NB18R",2,-0.2876400649547577,-1.4633182287216187
4G0N,"FB8W,NB18R,VB35I",3,0.3632349669933319,-0.2781131863594055
4G0N,"NB18R,AB32K",2,-1.2793906927108765,-1.5047105550765991
4G0N,"TA35A,NB18R",2,2.0998265743255615,0.42679184675216675
4G0N,"TA35A,AB32K",2,2.57879900932312,-1.1974120140075684
4G0N,"TA35A,NB18R,AB32K",3,1.9676246643066406,-0.6105440855026245
4G0N,"YA32C,CA116S",2,0.7356554269790649,-0.20449014008045197
4G0N,"YA32C,CA116S,NB18R",3,-0.3667510151863098,-0.3433522582054138
4G0N,"YA32C,CA116S,AB32K",3,-0.641829788684845,-1.96901535987854
4G0N,"RB6A,NB11D",2,3.4212069511413574,2.5633184909820557
4G0N,"KB31A,RB36G",2,5.3586249351501465,2.4538023471832275
4G0N,"TB15A,IA21A",2,2.1297554969787598,2.2931082248687744
4G0N,"VB16A,IA21A",2,1.5513603687286377,0.6576278805732727
4G0N,"VB35A,IA21A",2,0.29070067405700684,1.9885860681533813
4G0N,"VB35A,HA27A",2,0.19255085289478302,3.2599499225616455
4G0N,"RB6A,EA31A",2,2.1297554969787598,2.6050384044647217
4G0N,"TB15A,EA31A",2,1.5513603687286377,2.4786882400512695
4G0N,"KB31A,EA31A",2,2.0329933166503906,3.3343088626861572
4G0N,"RB6A,DA33A",2,2.5166070461273193,3.132352352142334
4G0N,"KB31A,DA33A",2,2.6137888431549072,2.6549761295318604
4G0N,"RB6A,IA36A",2,4.257757186889648,2.267296314239502
4G0N,"TB15A,IA36A",2,3.000670909881592,2.0075442790985107
4G0N,"VB16A,IA36A",2,2.6137888431549072,0.5586788058280945
4G0N,"RB6A,EA37A",2,2.323566198348999,2.3442370891571045
4G0N,"TB15A,EA37A",2,2.8070836067199707,2.5966970920562744
4G0N,"VB16A,EA37A",2,2.7103421688079834,1.2112737894058228
4G0N,"KB31A,EA37A",2,3.38753080368042,3.7652156352996826
4G0N,"RB6A,DA38A",2,4.4514851570129395,3.611041784286499
4G0N,"TB15A,DA38A",2,3.000670909881592,2.198441743850708
4G0N,"QB13A,SA39A",2,2.0329933166503906,1.6737143993377686
4G0N,"RB14A,SA39A",2,2.226851224899292,2.9136526584625244
4G0N,"TB15A,SA39A",2,1.9372704029083252,2.334665536880493
4G0N,"NB11A,RA41A",2,-0.5806019902229309,2.841989278793335
4G0N,"QB13A,RA41A",2,1.2585135698318481,1.5724836587905884
4G0N,"NB11A,VA45A",2,0.0,1.5578677654266357
4G0N,"QB13A,VA45A",2,1.5513603687286377,1.990632176399231
4G0N,"RB14A,VA45A",2,1.7429593801498413,1.5182205438613892
4G0N,"TB15A,VA45A",2,1.0649688243865967,1.8553963899612427
1B2S,"AA27K,AD43T",2,-5.7239251136779785,-4.551007270812988
3HFM,"NH32D,MY97K",2,-0.3026396632194519,-1.057939887046814
3HFM,"NL31A,KY96A",2,7.471730709075928,4.073364734649658
3HFM,"YL50A,RY21A",2,6.369324207305908,4.131656169891357
3HFM,"YL50F,RY21A",2,4.3327317237854,4.330810546875
3HFM,"YL50F,YY20A",2,6.226447105407715,1.4218934774398804
3HFM,"YL50A,KY96A",2,7.733495235443115,3.840071439743042
3HFM,"YL50A,KY97A",2,7.32283878326416,3.5002083778381348
3HFM,"YH33A,KY97A",2,7.231512069702148,2.8795435428619385
3HFM,"WH98F,YY20A",2,6.231808662414551,3.1308233737945557
3HFM,"WH98A,KY96A",2,7.733495235443115,5.256082057952881
3HFM,"DH32A,KY97A",2,4.594496726989746,2.794682264328003
3HFM,"DH32N,KY97A",2,4.893741130828857,2.6429572105407715
3HFM,"DH32A,KY97M",2,1.1239525079727173,1.489312767982483
3HFM,"DH32N,KY97M",2,0.3026396632194519,1.0400646924972534
3HFM,"YH50A,RY21A",2,7.944808006286621,3.981459856033325
3HFM,"YL96A,RY21A",2,5.759324073791504,3.695124626159668
3HFM,"YL96F,RY21A",2,4.183840274810791,3.3971176147460938
5CYK,"EB52R,EB47D",2,-2.3153111934661865,-0.08688400685787201
5CYK,"EB52R,TB50Q",2,-2.617950916290283,0.6512149572372437
5CYK,"EB52R,VB54W",2,-2.1159675121307373,-1.0823280811309814
3EG5,"TB73N,SB74N,HB75N",3,1.0535789728164673,0.6251940131187439
2NOJ,"RB24A,NB31A",2,0.7486768364906311,2.397235870361328
3PWP,"VC9I,LC2G",2,0.38579463958740234,-0.7488876581192017
3PWP,"GC2L,IC9V",2,-0.38579463958740234,1.3813698291778564
3QDJ,"DD26W,LE95W",2,-2.5309700965881348,-0.42117467522621155
3QDJ,"DD26Y,LE95W",2,-1.9139586687088013,-1.6611076593399048
5TAR,"TA183A,KA184E",2,2.730912446975708,1.2015094757080078
2G2U,"AB143Y,AB112W",2,0.40960875153541565,-3.876840114593506
2G2U,"MB73E,AB74K",2,-0.4730774760246277,-3.3594017028808594
2G2U,"MB73E,AB142F",2,-0.3220660388469696,-1.2907013893127441
2G2U,"EB73A,YB50A",2,-2.452514886856079,0.36661165952682495
2G2U,"YB50A,YB143A",2,-2.0757222175598145,0.5306422710418701
2G2U,"EB73A,YB143A",2,-1.8355034589767456,0.9055901765823364
2G2U,"WB112A,YB143A",2,-0.40960875153541565,3.44735050201416
2G2U,"WB150A,YB143A",2,0.9891233444213867,3.540031671524048
2G2U,"EB73M,FB142W,YB143F",3,-1.1080924272537231,-0.8367571830749512
2G2U,"EB73M,YB143F",2,-1.5924550294876099,-0.09965477138757706
2G2U,"EB73M,SB130K",2,-2.809424638748169,-0.24833887815475464
2G2U,"EB73M,SB130K,SB146M",3,-3.5096993446350098,0.011368107050657272
2G2U,"EB73M,KB74A",2,0.4730774760246277,2.804161787033081
2G2U,"EB73M,FB142A",2,0.3220660388469696,2.117091178894043
2G2U,"EB73M,KB74A,FB142A",3,1.4830588102340698,2.964906692504883
2G2U,"DA79A,EB73M",2,-2.1472480297088623,1.290069341659546
2G2U,"DA79A,EB73M,KB74A",3,-1.5569682121276855,2.1235415935516357
2G2U,"DA79A,EB73M,FB142A",3,-0.6917499899864197,1.141883373260498
4GNK,"DA281P,AA279D",2,-0.1213308572769165,0.15117520093917847
4GNK,"DA279A,PA281D",2,0.1213308572769165,-0.16263769567012787
4GNK,"KA294A,LB764A",2,-1.5528396368026733,1.2118139266967773
4GNK,"LB764A,DA279A,PA281D",3,-1.7232774496078491,-0.2948368787765503
4NKQ,"AB82Y,AB81N,AB80R",3,0.33154547214508057,-0.9121822714805603
4NKQ,"AB89K,AB87D,AB88T",3,-0.3535848557949066,-2.2250828742980957
4NKQ,"DB80R,KC99D",2,-0.1764526069164276,1.3431217670440674
4NKQ,"AB179I,AB180L",2,-0.2402186095714569,-1.1535724401474
4NKQ,"LB77A,TB78A,SB79A",3,0.11002849042415619,1.431211233139038
4NKQ,"AB79S,AB77L,AB78T",3,-0.11002849042415619,-0.8671188354492188
4NKQ,"RB80A,NB81A,YB82A",3,-0.33154547214508057,0.6476243734359741
4NKQ,"DB87A,TB88A,KB89A",3,0.3535848557949066,2.2804484367370605
4NKQ,"KB90A,IB91A,EB92A",3,-0.7013269662857056,2.54219913482666
4NKQ,"YB119A,YB124A",2,-0.6271737813949585,1.758507490158081
4NKQ,"RB80D,KB90D",2,1.3137191534042358,2.916118621826172
4NKQ,"DC99K,RB80D",2,0.1764526069164276,-0.7851693630218506
4NKQ,"DC99K,DB87R",2,0.8152363896369934,-1.9117012023925781
4NKQ,"DC99K,KB90D",2,-0.5019832849502563,-0.24347791075706482
4NKQ,"DC99K,RB80D,KB90D",3,0.5355589389801025,0.08188220113515854
4NKQ,"DB176A,VB177A",2,1.907029390335083,2.137935161590576
4NKQ,"DB176Q,VB177Q",2,1.958085536956787,1.451155662536621
4NKQ,"IB179A,LB180A",2,0.2402186095714569,0.6922302842140198
4NKQ,"IB179Q,LB180Q",2,1.0615314245224,0.8314911723136902
1A4Y,"QA430A,VA432A",2,0.07221386581659317,1.2614657878875732
1A4Y,"AA432V,AA430Q",2,-0.07221386581659317,-1.060899019241333
1A4Y,"WA438A,SA439A,EA440A",3,1.7856985330581665,0.5839972496032715
1A4Y,"YA434A,DA435A",2,6.820855617523193,4.0492143630981445
1A4Y,"YA434A,YA437A",2,6.645332336425781,4.631876468658447
1A4Y,"RB5A,YA434A",2,6.9797892570495605,3.9219744205474854
1A4Y,"RB5A,DA435A",2,6.773434162139893,3.087024688720703
1A4Y,"RB5A,YA434A,DA435A",3,10.1070556640625,4.690140247344971
1A4Y,"RB5A,YA434A,YA437A",3,8.531571388244629,4.288138389587402
1A4Y,"KB40G,YA434F",2,6.665417194366455,0.1800016462802887
1A4Y,"KB40G,DA435A",2,4.107512950897217,1.260671615600586
1A4Y,"KB40G,YA437A",2,6.454104423522949,2.422480583190918
1A4Y,"KB40G,YA434A,DA435A",3,6.21388578414917,3.7858707904815674
1A4Y,"KB40G,YA434A,YA437A",3,9.123151779174805,2.7547640800476074
4JFE,"AC4G,TC7A",2,-0.08859036862850189,0.4365902841091156
4JFE,"AC6G,IC7A",2,-0.16564060747623444,-0.43213096261024475
4JFE,"AC8L,IC7A",2,0.23073917627334595,0.1771167814731598
4JFE,"AC9T,IC7A",2,-0.10482294857501984,-1.0780251026153564
4JFE,"AC7I,EC1A",2,0.8932133316993713,0.8412529826164246
4JFE,"AC7I,GC4A",2,0.08859036862850189,0.23591068387031555
4JFE,"AC7I,GC6A",2,0.16564060747623444,0.013158969581127167
4JFE,"AC7I,LC8A",2,-0.23073917627334595,-0.05842054262757301
4JFE,"AC7I,TC9A",2,0.10482294857501984,0.35628974437713623
1PPF,"II23L,VI21R",2,0.2930837571620941,-2.1487154960632324
1PPF,"YI15A,DI14P,SI13K",3,0.12497672438621521,1.1268260478973389
1PPF,"AI15R,LI18R",2,7.327796459197998,3.954836845397949
1PPF,"EI10D,RI21M,EI43D",3,-0.7596147656440735,1.8981324434280396
1PPF,"AI15D,GI32A",2,1.159019112586975,2.1539463996887207
1PPF,"RI21V,LI23I",2,-0.2930837571620941,0.6627477407455444
1PPF,"LI18M,NI36D,SI51N",3,-0.8585862517356873,0.15529575943946838
1PPF,"AI15T,LI18M",2,-1.4927713871002197,1.1247732639312744
1PPF,"LI18M,TI30S,GI32D",3,4.176570892333984,4.451151371002197
1PPF,"LI18I,GI32D",2,2.5231902599334717,5.096447944641113
1PPF,"AI15D,LI18A,YI20D",3,8.737914085388184,8.373315811157227
1PPF,"LI18M,HI52R",2,1.4817438125610352,1.7782986164093018
1PPF,"LI18M,SI51N",2,1.25759756565094,1.502880573272705
1PPF,"LI18M,YI20Q",2,5.8396077156066895,5.605659008026123
1PPF,"LI18M,GI32D",2,3.9859397411346436,3.6761064529418945
1PPF,"AI15V,TI17S",2,1.7657266855239868,1.220944881439209
1PPF,"KI13T,PI14E,AI15Y",3,-0.7559911608695984,-1.8807427883148193
1PPF,"KI13S,PI14D,AI15Y",3,-0.12497672438621521,-1.1420531272888184
3QDG,"DD26W,LE95W",2,-3.354782819747925,-0.9513106942176819
3QDG,"DD26Y,LE95W",2,-3.5434513092041016,-1.5747196674346924
3SGB,"MI15R,DI37E,DI4E",3,-0.07745373249053955,-0.07932320982217789
3SGB,"MI12L,TI49K,NI43T",3,-0.27762654423713684,-0.07356548309326172
3SGB,"II17L,VI15R",2,-0.1687806099653244,0.05479718744754791
3SGB,"MI12L,TI9A",2,-0.47637805342674255,1.138818383216858
3SGB,"MI12L,RI46H,EI49K",3,0.11668532341718674,-0.2697187066078186
3SGB,"MI12L,NI45S",2,-0.45373380184173584,0.4853455126285553
3SGB,"TI11K,LI12R",2,5.307282447814941,7.732532024383545
3SGB,"TI11R,LI12R",2,5.55207633972168,6.273950576782227
3SGB,"AI9R,LI12R",2,5.156419277191162,5.462365627288818
3SGB,"AI9R,TI11K,LI12R",3,6.780235290527344,6.243227958679199
3SGB,"AI9R,TI11P,LI12R",3,8.58305835723877,7.526788711547852
3SGB,"EI4D,RI15M,EI37D",3,0.07745373249053955,0.3295712471008301
3SGB,"LI12M,TI43N,KI49T",3,0.27762654423713684,0.4181368350982666
3SGB,"NI22S,GI26A",2,1.3301128149032593,1.7752152681350708
3SGB,"AI9D,GI26A",2,1.0810645818710327,2.681097984313965
3SGB,"AI9D,GI26A,NI27S",3,2.1838266849517822,3.7247514724731445
3SGB,"TI11M,LI12S,GI26V",3,6.909813404083252,3.1039633750915527
3SGB,"RI15V,LI17I",2,0.1687806099653244,-0.29858362674713135
3SGB,"LI12S,RI15V,LI17I",3,4.481256008148193,1.8481615781784058
3SGB,"LI12M,NI30D,SI45N",3,1.0968642234802246,-0.9702995419502258
3SGB,"AI9T,LI12M",2,0.47637805342674255,-1.0836178064346313
3SGB,"LI12M,TI24S,GI26D",3,2.3268814086914062,1.3299638032913208
3SGB,"LI12I,GI26D",2,5.8454270362854,2.455721855163574
3SGB,"AI9D,LI12A,YI14D",3,5.768519878387451,7.1108503341674805
3SGB,"LI12M,HI46R",2,0.5010368824005127,-0.32341471314430237
3SGB,"LI12M,HI46R,KI49E",3,-0.11668532341718674,-1.1200262308120728
3SGB,"LI12M,SI45N",2,0.45373380184173584,-0.05080293118953705
3SGB,"LI12M,YI14Q",2,3.776484251022339,2.720642566680908
3SGB,"LI12M,GI26D",2,2.275153636932373,0.71077960729599
3SGB,"AI9D,LI12A",2,2.6196630001068115,5.435855388641357
3SGB,"TI11P,LI12K,GI26D",3,6.543062686920166,6.381402492523193
3SGB,"TI11P,LI12K",2,6.320304870605469,6.282293319702148
3SGB,"AI9V,TI11S",2,1.6076903343200684,2.23649263381958
3SGB,"KI7T,PI8E,AI9Y",3,-3.8578996658325195,-0.3569510579109192
3SGB,"KI7S,PI8D,AI9Y",3,-4.137707710266113,0.29252487421035767
2C5D,"RC101G,SC6G",2,-0.034860171377658844,1.9909745454788208
2C5D,"AB207F,AA207F",2,-0.19934363663196564,-1.544697880744934
2C5D,"RD28Q,RC28Q",2,-0.09132687747478485,0.8444382548332214
2C5D,"RC30E,RD30E",2,-0.3026396632194519,0.7354341149330139
2C5D,"RC96Q,RD96Q",2,-0.3026396632194519,1.5912624597549438
2C5D,"EC105L,ED105L",2,-0.2402186095714569,-1.684234857559204
2C5D,"GC6S,DC61G",2,-0.5295441746711731,-0.7974105477333069
2C5D,"GC6S,VC66A",2,-0.8469958901405334,-0.935014545917511
2C5D,"GC6S,GC101R",2,0.034860171377658844,-2.0255720615386963
2C5D,"DC61G,GC101R",2,-0.5610889792442322,-2.9373488426208496
2C5D,"VC66A,GC101R",2,-0.6562855839729309,-1.4703774452209473
2C5D,"DC61G,VC66A",2,-1.040370225906372,-0.42196258902549744
2C5D,"DC61G,VC66A,GC101R",3,-0.8699324131011963,-1.9832946062088013
2C5D,"GC6S,VC66A,GC101R",3,-0.7966970801353455,-1.8658419847488403
2C5D,"GC6S,DC61G,GC101R",3,-0.551903486251831,-1.8985787630081177
2C5D,"GC6S,DC61G,VC66R",3,-1.2355707883834839,-2.2750420570373535
2C5D,"EC33R,TC51R",2,6.113513946533203,-0.2311585247516632
2C5D,"TA26D,TB26D",2,0.7250281572341919,0.3352147340774536
2C5D,"RA32E,RB32E",2,1.7124065160751343,-0.0009622666984796524
2C5D,"KA34E,KB34E",2,1.9482202529907227,0.8039639592170715
2C5D,"AA126V,AB126V",2,0.7588918209075928,-1.4162298440933228
2C5D,"FA207A,FB207A",2,0.19934363663196564,1.3161671161651611
2C5D,"QC28R,QD28R",2,0.09132687747478485,-0.49497100710868835
2C5D,"EC30R,ED30R",2,0.3026396632194519,-1.0719118118286133
2C5D,"EC33R,ED33R",2,1.654841661453247,-0.11935800313949585
2C5D,"TC51R,TD51R",2,2.339020252227783,0.20955270528793335
2C5D,"QC96R,QD96R",2,0.3026396632194519,-1.8707646131515503
2C5D,"LC105E,LD105E",2,0.2402186095714569,2.0589308738708496
2C5D,"KC178E,KD178E",2,0.7422019243240356,1.9266880750656128
2C5D,"TC182E,TD182E",2,0.7422019243240356,3.068352222442627
2C5D,"FA209A,FB209A",2,1.0615314245224,2.5691123008728027
2C5D,"WA238F,WB238F",2,0.9824205040931702,0.7053032517433167
2C5D,"LA324A,LB324A",2,2.0344724655151367,0.4116710126399994
2C5D,"YA364A,YB364A",2,0.9824205040931702,1.354017972946167
3VR6,"AB481R,AC471R,AA476R",3,0.27845457196235657,-1.784550428390503
3VR6,"EE347R,ED347R,EF350R",3,-0.2876400649547577,-1.5629526376724243
3VR6,"RG134A,RG135A",2,1.4000883102416992,1.638343334197998
3VR6,"RA476A,RB481A,RC471A",3,-0.27845457196235657,1.937170147895813
3VR6,"VD385A,VE385A,VF388A",3,0.6982964873313904,0.8833375573158264
3VR6,"LD386A,LE386A,LF389A",3,1.136772632598877,2.1960253715515137
3VR6,"RD347E,RE347E,RF350E",3,0.2876400649547577,1.231843113899231
3VR6,"RD347K,RE347K,RF350K",3,1.2131596803665161,-0.12942534685134888
3UIH,"KA58Y,HA76W",2,-1.0724024772644043,0.5858546495437622
4J2L,"EA118L,AA23V",2,-0.43684640526771545,-3.7333855628967285
4J2L,"VA23A,SA34D",2,2.2666831016540527,1.0607911348342896
4J2L,"VA23A,LA118E",2,0.43684640526771545,2.580714464187622
4J2L,"SA34D,LA118E",2,0.6970077157020569,0.34975215792655945
2WPT,"AB79F,AA30D",2,0.13220183551311493,-6.32384729385376
2WPT,"AB79F,AA30D",2,0.16468580067157745,-5.961457252502441
2WPT,"AA31N,AB77S",2,0.43725475668907166,-1.9101930856704712
2WPT,"NA31V,RA35T",2,-2.5882933139801025,0.8227319717407227
2WPT,"DA30L,NA31V,RA35T",3,-6.336045742034912,-0.25492680072784424
2WPT,"NA31V,RA35T,RA39E",3,-3.232964515686035,0.9150537252426147
2WPT,"FB79A,DA30A",2,-0.13220183551311493,6.477989673614502
2WPT,"FB79A,NA31A",2,1.3522019386291504,3.563519239425659
2WPT,"FB79A,VA34A",2,3.112752914428711,3.454068899154663
2WPT,"DA30A,FB79A",2,-0.16468580067157745,5.3491997718811035
2WPT,"SB77A,NA31A",2,-0.43725475668907166,1.42473304271698
1B41,"IB9T,VB8T",2,-0.39468640089035034,0.11860419809818268
1B41,"TB8V,TB9I",2,0.39468640089035034,0.0991155207157135
1B41,"TB8V,TB9N",2,2.427799701690674,0.03606266528367996
3KUD,"CA32Y,RB16N,SA118C",3,0.03591717779636383,0.12118014693260193
3KUD,"KB30A,FB6W",2,2.167797565460205,0.7987503409385681
3KUD,"KB30A,VB33I",2,2.7589051723480225,0.20881518721580505
3KUD,"KB30A,NB16R",2,0.7665860652923584,-0.3812044858932495
3KUD,"KB30A,FB6W,NB16R",3,1.205237627029419,0.5530975461006165
3KUD,"KB30A,TA35A",2,3.0406603813171387,2.4395434856414795
3KUD,"KB30A,TA35A,NB16R",3,1.5169224739074707,0.5436038374900818
3KUD,"TA35A,NB16R",2,1.4893616437911987,1.5765968561172485
3KUD,"KB30A,YA32C,CA118S",3,2.8970348834991455,1.4016952514648438
3KUD,"YA32C,CA118S",2,0.9101451635360718,1.5898908376693726
3KUD,"YA32C,CA118S,NB16R",3,-0.03591717779636383,0.6934942603111267
1OHZ,"AB11S,AB12T",2,-0.07970309257507324,-0.9352820515632629
1OHZ,"AB46T,AB45S",2,-0.07970309257507324,-1.611129879951477
1OHZ,"SB11A,TB12A",2,0.07970309257507324,0.24120083451271057
1OHZ,"SB45A,TB46A",2,0.07970309257507324,1.9006662368774414
1OHZ,"SB11Q,SB45Q",2,2.185483932495117,1.4063698053359985
1OHZ,"SB11L,TB12L,SB45Q",3,3.0067968368530273,0.8632893562316895
3D3V,"EE30A,YC8A",2,3.9009265899658203,4.702215671539307
3D3V,"EE30A,YC8F",2,2.573496103286743,2.149791717529297
3D3V,"LE97A,YC8A",2,4.390338897705078,4.200730800628662
4RS1,"AB148S,AB147T,AB146L",3,0.2159343957901001,-2.8691887855529785
4RS1,"RB47A,EB48A,HB52A",3,-0.5465883016586304,0.6332804560661316
4RS1,"LB146A,TB147A,SB148A",3,-0.2159343957901001,2.9219019412994385
4RS1,"YB201A,YB206A",2,0.7209311723709106,1.278314232826233
4RS1,"LA95A,FA99A",2,4.122901916503906,2.052246332168579
4RS1,"EA25K,DA28K",2,4.122901916503906,-0.5701119303703308
4RS1,"EA25K,DA92K",2,4.122901916503906,-0.9042453169822693
4RS1,"DA28K,DA92K",2,4.122901916503906,-0.23421575129032135
3IDX,"AG247M,CG245G,CG41T",3,-0.40963760018348694,0.025277262553572655
3IDX,"CG27I,CG242Q,MG247A",3,-2.174590826034546,0.5333404541015625
3IDX,"CG27I,CG242Q",2,-2.46614146232605,0.1635398417711258
3IDX,"TG41C,GG245C,MG247A",3,0.40963760018348694,0.14671511948108673
